player_id,player_display_name,position,years_of_experience,season,recent_team,new_team_next_year,games,completions_per_game,attempts_per_game,passing_yards_per_game,passing_tds_per_game,passing_interceptions_per_game,sacks_suffered_per_game,sack_fumbles_per_game,passing_first_downs_per_game,passing_epa_per_game,passing_cpoe_per_game,pacr_per_game,carries_per_game,rushing_yards_per_game,rushing_tds_per_game,rushing_fumbles_per_game,rushing_first_downs_per_game,rushing_epa_per_game,fantasy_points_ppr_per_game,fantasy_points_ppr_per_game_next_year
00-0019596,Tom Brady,QB,15,2015,NE,0,16,25.12,39.0,298.12,2.25,0.44,2.38,0.31,14.25,7.97,-0.01,0.06,2.12,3.31,0.19,0.06,0.88,0.42,21.54,21.55
00-0019596,Tom Brady,QB,16,2016,NE,0,12,24.25,36.0,296.17,2.33,0.17,1.25,0.17,13.58,12.2,0.3,0.09,2.33,5.33,0.0,0.08,0.92,-0.48,21.55,18.49
00-0019596,Tom Brady,QB,17,2017,NE,0,16,24.06,36.31,286.06,2.0,0.5,2.19,0.38,14.38,8.79,0.23,0.05,1.56,1.75,0.0,0.06,0.56,-0.76,18.49,17.58
00-0019596,Tom Brady,QB,18,2018,NE,0,16,23.44,35.62,272.19,1.81,0.69,1.31,0.25,12.81,5.73,0.06,0.06,1.44,2.19,0.12,0.0,0.62,0.13,17.58,16.48
00-0019596,Tom Brady,QB,19,2019,NE,1,16,23.31,38.31,253.56,1.5,0.5,1.69,0.12,12.12,1.98,-0.13,0.05,1.62,2.12,0.19,0.0,0.5,0.05,16.48,21.12
00-0019596,Tom Brady,QB,20,2020,TB,0,16,25.06,38.12,289.56,2.5,0.75,1.31,0.06,14.56,8.21,0.22,0.05,1.88,0.38,0.19,0.19,0.56,-1.14,21.12,22.04
00-0019596,Tom Brady,QB,21,2021,TB,0,17,28.53,42.29,312.71,2.53,0.71,1.29,0.18,15.88,8.52,0.1,0.05,1.65,4.76,0.12,0.06,0.88,0.23,22.04,15.98
00-0020531,Drew Brees,QB,14,2015,NO,0,15,28.53,41.8,324.67,2.13,0.73,2.07,0.27,15.2,6.97,0.14,0.07,1.6,0.93,0.07,0.0,0.33,-0.45,20.28,20.77
00-0020531,Drew Brees,QB,15,2016,NO,0,16,29.44,42.06,325.5,2.31,0.94,1.69,0.25,16.5,6.96,0.26,0.07,1.44,1.25,0.12,0.0,0.44,-0.36,20.77,16.41
00-0020531,Drew Brees,QB,16,2017,NO,0,16,24.12,33.5,270.88,1.44,0.5,1.25,0.12,12.56,6.67,0.29,0.08,2.06,0.75,0.12,0.12,0.62,-0.52,16.41,20.33
00-0020531,Drew Brees,QB,17,2018,NO,0,15,24.27,32.6,266.13,2.13,0.33,1.13,0.13,13.27,10.49,0.43,0.08,2.07,1.47,0.27,0.0,0.73,0.51,20.33,20.43
00-0020531,Drew Brees,QB,18,2019,NO,0,11,25.55,34.36,270.82,2.45,0.36,1.09,0.0,14.64,8.44,0.55,0.11,0.82,-0.36,0.09,0.0,0.18,0.2,20.43,17.46
00-0021206,Josh McCown,QB,13,2015,CLE,0,8,23.25,36.5,263.62,1.5,0.5,2.88,0.75,12.0,1.98,0.09,0.12,2.5,12.25,0.12,0.38,1.38,-0.06,16.52,15.8
00-0021429,Carson Palmer,QB,12,2015,ARI,0,16,21.38,33.56,291.94,2.19,0.69,1.56,0.25,14.44,9.85,0.33,0.05,1.56,1.5,0.06,0.12,0.31,-0.16,19.33,16.21
00-0022803,Eli Manning,QB,11,2015,NYG,0,16,24.19,38.62,277.0,2.19,0.88,1.69,0.38,12.88,3.55,-0.08,0.06,1.25,3.81,0.0,0.19,0.44,-0.6,17.96,14.01
00-0022803,Eli Manning,QB,12,2016,NYG,0,16,23.56,37.38,251.69,1.62,1.0,1.31,0.44,12.06,-0.35,-0.1,0.05,1.31,-0.56,0.0,0.0,0.12,-0.91,14.01,12.49
00-0022803,Eli Manning,QB,13,2017,NYG,0,15,23.47,38.07,231.2,1.27,0.87,2.13,0.73,11.33,-4.15,-0.24,0.06,0.8,1.73,0.07,0.07,0.2,-0.65,12.49,15.0
00-0022924,Ben Roethlisberger,QB,11,2015,PIT,0,12,26.58,39.08,328.17,1.75,1.33,1.67,0.0,14.5,8.4,0.54,0.07,1.25,2.42,0.0,0.08,0.33,-0.52,19.01,18.01
00-0022924,Ben Roethlisberger,QB,12,2016,PIT,0,14,23.43,36.36,272.79,2.07,0.93,1.21,0.21,13.14,5.99,0.14,0.06,1.14,1.0,0.07,0.14,0.36,-0.3,18.01,17.4
00-0022924,Ben Roethlisberger,QB,13,2017,PIT,0,15,24.07,37.47,283.93,1.87,0.93,1.4,0.07,13.93,5.78,0.19,0.06,1.87,3.13,0.0,0.13,0.53,-0.33,17.4,21.37
00-0022924,Ben Roethlisberger,QB,14,2018,PIT,0,16,28.25,42.19,320.56,2.12,1.0,1.5,0.19,15.56,9.13,0.11,0.06,1.94,6.12,0.19,0.0,0.81,0.7,21.37,17.81
00-0022924,Ben Roethlisberger,QB,16,2020,PIT,0,15,26.6,40.53,253.53,2.2,0.67,0.87,0.13,13.0,3.69,-0.07,0.06,1.67,0.73,0.0,0.2,0.47,-1.31,17.81,13.63
00-0022942,Philip Rivers,QB,11,2015,LAC,0,16,27.31,41.31,299.5,1.81,0.81,2.5,0.12,14.25,4.19,0.17,0.06,1.06,1.75,0.0,0.12,0.25,-0.42,17.78,16.18
00-0022942,Philip Rivers,QB,12,2016,LAC,0,16,21.81,36.12,274.12,2.06,1.31,2.25,0.44,13.5,3.13,0.01,0.06,0.88,2.19,0.0,0.12,0.25,-0.24,16.18,16.9
00-0022942,Philip Rivers,QB,13,2017,LAC,0,16,22.5,35.94,282.19,1.75,0.62,1.12,0.31,13.5,7.29,0.06,0.06,1.12,-0.12,0.0,0.19,0.31,-0.51,16.9,17.81
00-0022942,Philip Rivers,QB,14,2018,LAC,0,16,21.69,31.75,269.25,2.0,0.75,2.0,0.06,13.38,8.82,0.23,0.07,1.12,0.44,0.0,0.06,0.19,-0.91,17.81,14.72
00-0022942,Philip Rivers,QB,15,2019,LAC,1,16,24.38,36.94,288.44,1.44,1.25,2.12,0.31,13.69,4.3,0.23,0.06,0.75,1.81,0.0,0.19,0.31,-0.64,14.72,15.0
00-0023436,Alex Smith,QB,10,2015,KC,0,16,19.19,29.38,217.88,1.25,0.44,2.81,0.12,9.62,1.97,-0.01,0.07,5.25,31.12,0.12,0.12,2.06,1.14,16.95,14.99
00-0023436,Alex Smith,QB,11,2016,KC,0,15,21.87,32.6,233.47,1.0,0.53,1.87,0.27,12.27,2.95,0.13,0.07,3.2,8.93,0.33,0.13,0.73,0.06,14.99,19.68
00-0023436,Alex Smith,QB,12,2017,KC,1,15,22.73,33.67,269.47,1.73,0.33,2.33,0.07,12.27,6.07,0.33,0.07,4.0,23.67,0.07,0.07,1.47,0.59,19.68,13.8
00-0023436,Alex Smith,QB,13,2018,WAS,0,10,20.5,32.8,218.0,1.0,0.5,2.2,0.3,10.6,-0.76,-0.17,0.08,4.1,16.8,0.1,0.3,1.8,1.19,13.8,8.95
00-0023459,Aaron Rodgers,QB,10,2015,GB,0,16,21.69,35.75,238.81,1.94,0.5,2.88,0.5,10.81,-0.34,-0.07,0.05,3.62,21.5,0.06,0.0,1.31,0.92,18.83,23.75
00-0023459,Aaron Rodgers,QB,11,2016,GB,0,16,25.06,38.12,276.75,2.5,0.44,2.19,0.31,13.94,8.28,0.22,0.05,4.19,23.06,0.25,0.19,1.62,1.13,23.75,19.54
00-0023459,Aaron Rodgers,QB,13,2018,GB,0,16,23.25,37.31,277.62,1.56,0.12,3.06,0.25,12.56,3.37,-0.04,0.05,2.69,16.81,0.12,0.12,1.31,1.42,19.54,17.4
00-0023459,Aaron Rodgers,QB,14,2019,GB,0,16,22.06,35.56,250.12,1.62,0.25,2.25,0.19,11.88,3.74,0.04,0.05,2.88,11.44,0.06,0.06,0.62,0.01,17.4,23.95
00-0023459,Aaron Rodgers,QB,15,2020,GB,0,16,23.25,32.88,268.69,3.0,0.31,1.25,0.06,13.56,11.64,0.45,0.06,2.38,9.31,0.19,0.19,1.12,0.18,23.95,20.83
00-0023459,Aaron Rodgers,QB,16,2021,GB,0,16,22.88,33.19,257.19,2.31,0.25,1.88,0.06,13.44,8.05,0.36,0.06,2.06,6.31,0.19,0.12,0.75,0.36,20.83,14.07
00-0023459,Aaron Rodgers,QB,17,2022,GB,1,17,20.59,31.88,217.35,1.53,0.71,1.88,0.24,10.47,-0.3,0.03,0.05,2.0,5.53,0.06,0.12,0.71,-0.46,14.07,15.09
00-0023459,Aaron Rodgers,QB,19,2024,NYJ,1,17,21.65,34.35,229.24,1.65,0.65,2.35,0.29,11.29,0.66,-0.15,0.06,1.29,6.29,0.0,0.0,0.41,0.25,15.09,
00-0023682,Ryan Fitzpatrick,QB,10,2015,NYJ,0,16,20.94,35.12,244.06,1.94,0.94,1.19,0.12,12.44,4.53,-0.1,0.05,3.75,16.88,0.12,0.19,1.44,0.69,17.82,9.53
00-0023682,Ryan Fitzpatrick,QB,11,2016,NYJ,1,14,16.29,28.79,193.57,0.86,1.21,1.36,0.43,9.14,-1.29,-0.29,0.05,2.36,9.29,0.0,0.21,0.64,0.4,9.53,20.73
00-0023682,Ryan Fitzpatrick,QB,13,2018,TB,1,8,20.5,30.75,295.75,2.12,1.5,1.75,0.38,14.12,7.58,0.66,0.12,4.5,19.0,0.25,0.0,1.38,0.14,20.73,16.1
00-0023682,Ryan Fitzpatrick,QB,14,2019,MIA,0,15,20.73,33.47,235.27,1.33,0.87,2.67,0.2,12.13,1.57,-0.04,0.05,3.6,16.2,0.27,0.33,1.27,0.23,16.1,17.08
00-0024226,Jay Cutler,QB,9,2015,CHI,0,15,20.73,32.2,243.93,1.4,0.73,1.93,0.33,11.4,1.78,0.15,0.06,2.53,13.4,0.07,0.13,1.2,0.37,15.1,11.27
00-0026143,Matt Ryan,QB,7,2015,ATL,0,16,25.44,38.38,286.94,1.31,1.0,1.88,0.5,14.38,4.99,0.01,0.06,2.25,3.94,0.0,0.19,0.88,-2.01,14.62,21.72
00-0026143,Matt Ryan,QB,8,2016,ATL,0,16,23.31,33.38,309.0,2.38,0.44,2.31,0.19,14.88,10.79,0.43,0.07,2.19,7.31,0.0,0.06,0.94,-0.38,21.72,14.26
00-0026143,Matt Ryan,QB,9,2017,ATL,0,16,21.38,33.06,255.94,1.25,0.75,1.5,0.06,12.44,4.4,0.19,0.05,2.0,8.94,0.0,0.19,0.88,0.2,14.26,22.18
00-0026143,Matt Ryan,QB,10,2018,ATL,0,16,26.38,38.0,307.75,2.19,0.44,2.62,0.56,14.75,7.55,0.27,0.06,2.06,7.81,0.19,0.0,1.06,0.36,22.18,17.82
00-0026143,Matt Ryan,QB,11,2019,ATL,0,15,27.2,41.07,297.73,1.73,0.93,3.2,0.53,15.2,1.18,0.12,0.06,2.27,9.8,0.07,0.07,0.73,0.68,17.82,17.65
00-0026143,Matt Ryan,QB,12,2020,ATL,0,16,25.44,39.12,286.31,1.62,0.69,2.56,0.25,15.25,4.22,0.08,0.05,1.81,5.75,0.12,0.12,0.62,0.05,17.65,13.11
00-0026143,Matt Ryan,QB,13,2021,ATL,1,17,22.06,32.94,233.41,1.18,0.71,2.35,0.29,11.59,0.37,0.1,0.06,2.35,4.82,0.06,0.29,0.88,-1.05,13.11,12.94
00-0026158,Joe Flacco,QB,7,2015,BAL,0,10,26.6,41.3,279.1,1.4,1.2,1.6,0.2,12.4,0.52,-0.02,0.09,1.3,2.3,0.3,0.3,0.9,-0.27,16.19,15.16
00-0026158,Joe Flacco,QB,8,2016,BAL,0,16,27.25,42.0,269.81,1.25,0.94,2.06,0.25,12.75,-1.51,-0.01,0.05,1.31,3.62,0.12,0.06,0.44,0.01,15.16,11.56
00-0026158,Joe Flacco,QB,9,2017,BAL,0,16,22.0,34.31,196.31,1.12,0.81,1.69,0.19,10.12,-3.22,-0.08,0.05,1.56,3.38,0.06,0.06,0.38,-0.5,11.56,15.23
00-0026158,Joe Flacco,QB,10,2018,BAL,1,9,25.78,42.11,273.89,1.33,0.67,1.78,0.22,13.56,1.92,-0.29,0.08,2.11,5.0,0.0,0.11,1.22,0.02,15.23,10.61
00-0026498,Matthew Stafford,QB,6,2015,DET,0,16,24.88,37.0,266.38,2.0,0.81,2.75,0.12,14.0,1.54,0.03,0.07,2.75,9.94,0.06,0.06,0.94,0.0,18.17,17.49
00-0026498,Matthew Stafford,QB,7,2016,DET,0,16,24.25,37.12,270.44,1.5,0.62,2.31,0.19,13.56,4.62,0.01,0.06,2.31,12.94,0.12,0.0,1.0,1.47,17.49,17.1
00-0026498,Matthew Stafford,QB,8,2017,DET,0,16,23.19,35.31,277.88,1.81,0.62,2.94,0.56,13.06,2.34,0.04,0.06,1.81,6.12,0.0,0.12,0.69,-0.41,17.1,13.26
00-0026498,Matthew Stafford,QB,9,2018,DET,0,16,22.94,34.69,236.06,1.31,0.69,2.5,0.31,12.38,0.46,-0.13,0.06,1.56,4.44,0.0,0.06,0.62,-0.47,13.26,20.82
00-0026498,Matthew Stafford,QB,10,2019,DET,0,8,23.38,36.38,312.38,2.38,0.62,2.25,0.38,14.62,8.58,0.26,0.1,2.5,8.25,0.0,0.25,1.0,-0.82,20.82,16.28
00-0026498,Matthew Stafford,QB,11,2020,DET,1,16,21.19,33.0,255.25,1.62,0.62,2.38,0.12,12.88,3.5,-0.06,0.06,1.81,7.0,0.0,0.0,0.88,0.26,16.28,19.4
00-0026498,Matthew Stafford,QB,12,2021,LA,0,17,23.76,35.35,287.41,2.41,1.0,1.76,0.18,13.71,6.92,-0.01,0.06,1.88,2.53,0.0,0.06,0.53,-0.11,19.4,12.04
00-0026498,Matthew Stafford,QB,13,2022,LA,0,9,22.89,33.67,231.89,1.11,0.89,3.22,0.44,11.67,-2.67,-0.0,0.11,1.44,1.0,0.11,0.11,0.44,-0.28,12.04,16.21
00-0026498,Matthew Stafford,QB,14,2023,LA,0,15,21.73,34.73,264.33,1.6,0.73,2.0,0.0,12.47,3.61,-0.17,0.07,1.4,4.33,0.0,0.0,0.27,0.26,16.21,13.41
00-0026498,Matthew Stafford,QB,15,2024,LA,0,16,21.25,32.31,235.12,1.25,0.5,1.75,0.25,11.06,2.05,-0.04,0.06,1.88,2.56,0.0,0.12,0.81,-0.19,13.41,
00-0026625,Brian Hoyer,QB,6,2015,HOU,1,11,20.36,33.55,236.91,1.73,0.64,2.27,0.55,11.82,1.32,-0.16,0.07,1.36,4.0,0.0,0.0,0.55,0.45,15.15,6.39
00-0027854,Sam Bradford,QB,5,2015,PHI,1,14,24.71,38.0,266.07,1.36,1.0,2.0,0.36,11.71,0.29,-0.02,0.07,1.86,2.79,0.0,0.29,0.5,-1.7,13.92,14.79
00-0027939,Cam Newton,QB,4,2015,CAR,0,16,18.5,30.94,239.81,2.19,0.62,2.06,0.06,12.19,5.37,0.01,0.05,8.25,39.75,0.62,0.25,3.88,1.6,24.32,16.95
00-0027939,Cam Newton,QB,5,2016,CAR,0,15,18.0,34.0,233.93,1.27,0.93,2.4,0.13,11.47,-1.69,-0.37,0.04,6.0,23.93,0.33,0.07,2.0,0.26,16.95,18.72
00-0027939,Cam Newton,QB,6,2017,CAR,0,16,18.19,30.75,206.38,1.38,1.0,2.19,0.19,10.38,-0.25,-0.15,0.05,8.69,47.12,0.38,0.38,3.25,0.74,18.72,20.19
00-0027939,Cam Newton,QB,7,2018,CAR,0,14,22.86,33.64,242.5,1.71,0.93,2.07,0.21,12.93,2.31,0.22,0.07,7.21,34.86,0.29,0.14,2.71,0.73,20.19,17.4
00-0027948,Blaine Gabbert,QB,4,2015,SF,0,8,22.25,35.25,253.88,1.25,0.88,3.12,0.25,10.38,-3.86,-0.22,0.13,4.0,23.12,0.12,0.25,1.25,1.07,16.22,4.13
00-0027973,Andy Dalton,QB,4,2015,CIN,0,13,19.62,29.69,250.0,1.92,0.54,1.54,0.15,11.31,8.94,0.3,0.07,4.38,10.92,0.23,0.23,1.31,-0.54,18.78,16.29
00-0027973,Andy Dalton,QB,5,2016,CIN,0,16,22.75,35.19,262.88,1.12,0.5,2.56,0.25,12.75,3.98,0.18,0.06,2.88,11.5,0.25,0.31,1.31,-0.0,16.29,13.17
00-0027973,Andy Dalton,QB,6,2017,CIN,0,16,18.56,31.0,207.5,1.56,0.75,2.44,0.19,10.19,-1.94,-0.11,0.05,2.38,6.19,0.0,0.06,0.62,-0.69,13.17,15.87
00-0027973,Andy Dalton,QB,7,2018,CIN,0,11,20.55,33.18,233.27,1.91,1.0,1.91,0.09,12.0,2.4,-0.28,0.08,1.45,9.0,0.0,0.0,0.45,-0.29,15.87,15.67
00-0027973,Andy Dalton,QB,8,2019,CIN,1,13,24.15,40.62,268.77,1.23,1.08,2.85,0.38,13.08,-1.22,-0.25,0.06,2.46,5.62,0.31,0.23,1.15,0.34,15.67,12.45
00-0027973,Andy Dalton,QB,9,2020,DAL,1,11,19.64,30.27,197.27,1.27,0.73,2.18,0.09,10.55,-1.02,-0.04,0.09,2.55,10.36,0.0,0.09,1.09,0.2,12.45,10.52
00-0027973,Andy Dalton,QB,10,2021,CHI,1,8,18.62,29.5,189.38,1.0,1.12,2.25,0.12,10.38,-3.76,-0.52,0.12,2.0,9.5,0.0,0.0,0.25,-0.1,10.52,12.45
00-0027974,Colin Kaepernick,QB,4,2015,SF,0,9,16.0,27.11,179.44,0.67,0.56,3.11,0.11,8.0,-3.03,-0.58,0.1,5.0,28.44,0.11,0.44,1.89,0.69,12.24,18.22
00-0028118,Tyrod Taylor,QB,4,2015,BUF,0,14,17.29,27.14,216.79,1.43,0.43,2.57,0.36,9.21,3.91,0.22,0.05,7.43,40.57,0.29,0.21,2.29,0.96,19.4,18.06
00-0028118,Tyrod Taylor,QB,5,2016,BUF,0,15,17.93,29.07,201.53,1.13,0.4,2.8,0.07,9.8,2.27,0.15,0.05,6.33,38.67,0.4,0.2,2.27,1.16,18.06,14.84
00-0028118,Tyrod Taylor,QB,6,2017,BUF,1,15,17.53,28.0,186.6,0.93,0.27,3.07,0.2,8.93,0.27,0.08,0.05,5.6,28.47,0.27,0.07,1.87,1.43,14.84,8.73
00-0028986,Case Keenum,QB,4,2016,LA,1,10,19.6,32.2,220.1,0.9,1.1,2.3,0.3,10.2,-3.6,-0.37,0.09,2.0,5.1,0.1,0.0,0.7,-0.22,11.11,15.86
00-0028986,Case Keenum,QB,5,2017,MIN,1,15,21.67,32.07,236.47,1.47,0.47,1.47,0.07,11.93,3.89,0.24,0.06,2.67,10.67,0.07,0.0,0.93,-0.08,15.86,13.43
00-0028986,Case Keenum,QB,6,2018,DEN,1,16,22.81,36.62,243.12,1.12,0.94,2.12,0.38,11.25,-1.29,-0.08,0.06,1.62,5.81,0.12,0.19,0.81,0.2,13.43,10.35
00-0029263,Russell Wilson,QB,3,2015,SEA,0,16,20.56,30.19,251.5,2.12,0.5,2.81,0.19,11.75,7.98,0.5,0.06,6.44,34.56,0.06,0.25,2.31,0.25,21.02,16.88
00-0029263,Russell Wilson,QB,4,2016,SEA,0,16,22.06,34.12,263.69,1.31,0.69,2.56,0.31,12.12,3.13,0.28,0.06,4.5,16.19,0.06,0.12,1.12,-0.54,16.88,21.74
00-0029263,Russell Wilson,QB,5,2017,SEA,0,16,21.19,34.56,248.94,2.12,0.69,2.69,0.44,11.44,1.69,0.29,0.05,5.94,36.62,0.19,0.38,2.62,1.79,21.74,18.71
00-0029263,Russell Wilson,QB,6,2018,SEA,0,16,17.5,26.69,215.5,2.19,0.44,3.19,0.31,9.81,4.03,0.47,0.06,4.19,23.5,0.0,0.19,1.69,1.0,18.71,20.54
00-0029263,Russell Wilson,QB,7,2019,SEA,0,16,21.31,32.25,256.88,1.94,0.31,3.0,0.31,11.88,5.49,0.44,0.05,4.69,21.38,0.19,0.19,1.31,-0.55,20.54,22.49
00-0029263,Russell Wilson,QB,8,2020,SEA,0,16,24.0,34.88,263.25,2.5,0.81,2.94,0.12,13.44,4.9,0.43,0.05,5.19,32.06,0.12,0.25,1.88,0.13,22.49,17.34
00-0029263,Russell Wilson,QB,9,2021,SEA,1,14,18.5,28.57,222.36,1.79,0.43,2.36,0.29,9.64,1.19,0.23,0.06,3.07,13.07,0.14,0.14,1.36,-0.17,17.34,15.05
00-0029263,Russell Wilson,QB,10,2022,DEN,0,15,19.47,32.2,234.93,1.07,0.73,3.67,0.27,9.47,-3.8,-0.08,0.06,3.67,18.47,0.2,0.13,1.53,1.02,15.05,17.13
00-0029263,Russell Wilson,QB,11,2023,DEN,1,15,19.8,29.8,204.67,1.73,0.53,3.0,0.47,9.07,-1.01,0.32,0.06,5.33,22.73,0.2,0.2,2.6,1.17,17.13,15.71
00-0029263,Russell Wilson,QB,12,2024,PIT,1,11,19.45,30.55,225.64,1.45,0.45,3.0,0.27,10.18,-0.17,0.41,0.08,3.91,14.09,0.18,0.18,1.64,-0.69,15.71,
00-0029567,Nick Foles,QB,3,2015,LA,1,11,17.27,30.64,186.55,0.64,0.91,1.27,0.27,7.45,-8.01,-0.63,0.07,1.55,1.82,0.09,0.09,0.45,-0.66,8.73,11.58
00-0029604,Kirk Cousins,QB,3,2015,WAS,0,16,23.69,33.94,260.38,1.81,0.69,1.62,0.25,12.88,6.14,0.36,0.06,1.62,3.0,0.31,0.25,0.75,0.18,18.34,18.77
00-0029604,Kirk Cousins,QB,4,2016,WAS,0,16,25.38,37.88,307.31,1.56,0.75,1.44,0.31,14.06,7.08,0.31,0.06,2.12,6.0,0.25,0.19,0.94,-0.18,18.77,17.35
00-0029604,Kirk Cousins,QB,5,2017,WAS,1,16,21.69,33.75,255.81,1.69,0.81,2.56,0.38,11.94,1.03,0.05,0.06,3.06,11.19,0.25,0.44,1.5,0.11,17.35,17.7
00-0029604,Kirk Cousins,QB,6,2018,MIN,0,16,26.56,37.88,268.62,1.88,0.62,2.5,0.31,13.62,-0.67,0.16,0.06,2.75,7.69,0.06,0.25,1.12,-1.41,17.7,16.29
00-0029604,Kirk Cousins,QB,7,2019,MIN,0,15,20.47,29.6,240.2,1.73,0.4,1.87,0.33,11.07,5.75,0.29,0.07,2.07,4.2,0.07,0.33,0.8,-0.41,16.29,19.14
00-0029604,Kirk Cousins,QB,8,2020,MIN,0,16,21.81,32.25,266.56,2.19,0.81,2.44,0.5,13.25,5.88,0.29,0.06,2.0,9.75,0.06,0.06,1.12,0.04,19.14,18.77
00-0029604,Kirk Cousins,QB,9,2021,MIN,0,16,23.25,35.06,263.81,2.06,0.44,1.75,0.62,12.06,4.3,0.08,0.06,1.81,7.19,0.06,0.12,0.69,-0.28,18.77,17.15
00-0029604,Kirk Cousins,QB,10,2022,MIN,0,17,24.94,37.82,267.47,1.71,0.82,2.71,0.29,13.53,1.22,0.08,0.06,1.82,5.71,0.12,0.12,0.76,0.07,17.15,18.72
00-0029604,Kirk Cousins,QB,11,2023,MIN,1,8,27.0,38.88,291.38,2.25,0.62,2.12,0.5,14.12,4.64,0.54,0.13,1.75,3.12,0.0,0.25,1.0,0.21,18.72,12.59
00-0029604,Kirk Cousins,QB,12,2024,ATL,0,14,21.64,32.36,250.57,1.29,1.14,2.0,0.5,11.71,1.51,0.07,0.07,1.64,0.0,0.0,0.36,0.57,-1.2,12.59,
00-0029668,Andrew Luck,QB,4,2016,IND,0,15,23.07,36.33,282.67,2.07,0.87,2.73,0.2,13.87,4.07,0.08,0.06,4.27,22.73,0.13,0.2,1.53,0.4,20.51,20.5
00-0029682,Brock Osweiler,QB,3,2015,DEN,1,8,21.25,34.38,245.88,1.25,0.75,2.88,0.38,11.38,0.64,-0.14,0.1,2.62,7.62,0.12,0.12,0.75,-0.2,14.6,11.27
00-0029701,Ryan Tannehill,QB,3,2015,MIA,0,16,22.69,36.62,263.0,1.5,0.75,2.81,0.5,12.06,-0.17,0.06,0.05,2.0,8.81,0.06,0.12,0.62,-0.01,16.14,14.63
00-0029701,Ryan Tannehill,QB,4,2016,MIA,0,13,20.08,29.92,230.38,1.46,0.92,2.23,0.38,10.15,0.85,0.41,0.08,3.0,12.62,0.08,0.31,1.08,-0.9,14.63,13.0
00-0029701,Ryan Tannehill,QB,6,2018,MIA,1,11,16.0,24.91,179.91,1.55,0.82,3.18,0.36,8.36,-4.89,-0.09,0.08,2.91,13.18,0.0,0.09,1.0,-0.98,13.0,18.68
00-0029701,Ryan Tannehill,QB,7,2019,TEN,0,12,16.75,23.83,228.5,1.83,0.5,2.58,0.42,10.5,5.25,0.64,0.08,3.58,15.42,0.33,0.08,1.25,1.39,18.68,21.52
00-0029701,Ryan Tannehill,QB,8,2020,TEN,0,16,19.69,30.06,238.69,2.06,0.44,1.5,0.31,12.62,7.89,0.17,0.06,2.69,16.62,0.44,0.06,1.44,1.72,21.52,15.79
00-0029701,Ryan Tannehill,QB,9,2021,TEN,0,17,21.0,31.24,219.65,1.24,0.82,2.76,0.35,11.29,1.51,0.14,0.06,3.24,15.88,0.41,0.24,2.18,2.02,15.79,13.44
00-0029701,Ryan Tannehill,QB,10,2022,TEN,0,12,17.67,27.08,211.33,1.08,0.5,2.75,0.17,9.67,1.73,0.04,0.08,2.83,8.17,0.17,0.08,1.08,-0.3,13.44,8.89
00-0030565,Geno Smith,QB,9,2022,SEA,0,17,23.47,33.65,251.88,1.76,0.65,2.71,0.29,12.12,1.58,0.33,0.06,4.0,21.53,0.06,0.18,1.59,0.08,17.88,15.15
00-0030565,Geno Smith,QB,10,2023,SEA,0,15,21.53,33.27,241.6,1.33,0.6,2.07,0.27,11.27,2.3,0.16,0.07,2.47,10.33,0.07,0.07,0.73,-0.33,15.15,15.65
00-0030565,Geno Smith,QB,11,2024,SEA,1,17,23.94,34.0,254.12,1.24,0.88,2.94,0.18,12.29,1.28,0.33,0.06,3.12,16.0,0.12,0.24,1.41,0.07,15.65,
00-0031237,Teddy Bridgewater,QB,1,2015,MIN,0,16,18.25,27.94,201.94,0.88,0.56,2.75,0.31,9.56,0.04,0.2,0.06,2.75,12.0,0.19,0.19,1.25,0.82,12.53,10.05
00-0031237,Teddy Bridgewater,QB,5,2019,NO,1,9,14.78,21.78,153.78,1.0,0.22,1.33,0.11,7.44,2.66,0.05,0.13,3.11,3.44,0.0,0.0,0.44,-1.93,10.05,16.08
00-0031237,Teddy Bridgewater,QB,6,2020,CAR,1,15,22.67,32.8,248.87,1.0,0.73,2.07,0.13,11.67,2.24,0.27,0.07,3.53,18.6,0.33,0.27,1.33,0.77,16.08,14.48
00-0031280,Derek Carr,QB,1,2015,LV,0,16,21.88,35.81,249.19,2.0,0.81,1.94,0.25,11.5,-0.22,-0.17,0.05,2.06,8.62,0.0,0.19,0.62,-0.38,16.95,17.9
00-0031280,Derek Carr,QB,2,2016,LV,0,15,23.8,37.33,262.47,1.87,0.4,1.07,0.13,12.67,5.24,-0.0,0.06,2.6,4.67,0.0,0.2,0.47,-1.44,17.9,13.76
00-0031280,Derek Carr,QB,3,2017,LV,0,15,21.53,34.33,233.07,1.47,0.87,1.33,0.27,11.0,1.75,-0.02,0.05,1.53,4.4,0.0,0.27,0.53,-0.63,13.76,13.55
00-0031280,Derek Carr,QB,4,2018,LV,0,16,23.81,34.56,253.06,1.19,0.62,3.19,0.69,12.38,-0.01,0.24,0.07,1.5,2.94,0.06,0.06,0.38,-0.22,13.55,15.27
00-0031280,Derek Carr,QB,5,2019,LV,0,16,22.56,32.06,253.38,1.31,0.5,1.81,0.06,11.94,6.14,0.36,0.08,1.69,5.12,0.12,0.38,0.69,-0.69,15.27,17.01
00-0031280,Derek Carr,QB,6,2020,LV,0,16,21.75,32.31,256.44,1.69,0.56,1.62,0.5,12.06,3.83,0.16,0.06,2.44,8.75,0.19,0.19,1.12,0.49,17.01,15.12
00-0031280,Derek Carr,QB,7,2021,LV,0,17,25.18,36.82,282.59,1.35,0.82,2.35,0.53,12.76,2.2,0.13,0.06,2.35,6.35,0.0,0.24,0.76,-0.24,15.12,14.61
00-0031280,Derek Carr,QB,8,2022,LV,1,15,20.33,33.47,234.8,1.6,0.93,1.8,0.2,10.73,1.76,-0.19,0.05,1.6,6.8,0.0,0.07,0.73,0.12,14.61,14.18
00-0031280,Derek Carr,QB,9,2023,NO,0,17,22.06,32.24,228.12,1.47,0.47,1.82,0.29,10.88,1.65,0.18,0.05,1.88,2.35,0.0,0.12,0.29,-1.19,14.18,15.09
00-0031280,Derek Carr,QB,10,2024,NO,0,10,18.9,27.9,214.5,1.5,0.5,0.8,0.2,9.3,4.76,0.33,0.1,1.7,7.1,0.1,0.1,0.6,-0.11,15.09,
00-0031345,Jimmy Garoppolo,QB,5,2019,SF,0,16,20.56,29.75,248.62,1.69,0.81,2.25,0.31,12.06,5.15,0.15,0.08,2.88,3.88,0.06,0.31,1.25,-0.9,15.46,15.17
00-0031345,Jimmy Garoppolo,QB,7,2021,SF,0,15,20.07,29.4,254.0,1.33,0.8,1.93,0.27,11.47,6.21,0.17,0.08,2.53,3.4,0.2,0.27,1.33,0.22,15.17,14.98
00-0031407,Blake Bortles,QB,1,2015,JAX,0,16,22.19,37.88,276.75,2.19,1.12,3.19,0.56,13.44,0.16,-0.18,0.05,3.25,19.38,0.12,0.31,1.88,-0.31,19.76,16.94
00-0031407,Blake Bortles,QB,2,2016,JAX,0,16,23.0,39.06,244.06,1.44,1.0,2.12,0.38,12.88,-3.04,-0.28,0.05,3.62,22.44,0.19,0.12,1.44,1.34,16.94,15.6
00-0031407,Blake Bortles,QB,3,2017,JAX,0,16,19.69,32.69,230.44,1.31,0.81,1.5,0.38,12.12,1.99,-0.18,0.06,3.56,20.12,0.12,0.19,1.31,0.86,15.6,13.32
00-0031503,Jameis Winston,QB,0,2015,TB,0,16,19.5,33.44,252.62,1.38,0.94,1.69,0.19,12.56,3.02,-0.0,0.05,3.38,13.31,0.38,0.19,1.44,0.19,17.19,16.01
00-0031503,Jameis Winston,QB,1,2016,TB,0,16,21.56,35.44,255.62,1.75,1.12,2.19,0.38,13.44,3.33,0.1,0.04,3.31,10.31,0.06,0.25,0.81,-0.18,16.01,15.51
00-0031503,Jameis Winston,QB,2,2017,TB,0,13,21.69,34.0,269.54,1.46,0.85,2.54,0.62,13.85,3.83,0.38,0.06,2.54,10.38,0.08,0.31,1.0,-0.42,15.51,17.8
00-0031503,Jameis Winston,QB,3,2018,TB,0,11,22.18,34.36,272.0,1.73,1.27,2.45,0.18,13.82,3.97,0.2,0.07,4.45,25.55,0.09,0.36,1.91,1.23,17.8,19.08
00-0031503,Jameis Winston,QB,4,2019,TB,1,16,23.75,39.12,319.31,2.06,1.88,2.94,0.56,15.19,2.75,0.04,0.05,3.69,15.62,0.06,0.19,1.38,0.47,19.08,11.92
00-0031503,Jameis Winston,QB,9,2024,CLE,1,11,16.45,26.91,192.82,1.18,1.09,2.18,0.36,9.36,-2.32,-0.16,0.07,2.27,7.55,0.09,0.0,1.55,1.52,11.92,
00-0031800,Taylor Heinicke,QB,6,2021,WAS,0,16,20.06,30.88,213.69,1.25,0.94,2.38,0.25,10.44,-1.83,0.02,0.06,3.75,19.56,0.06,0.19,1.5,0.28,13.93,12.88
00-0032156,Trevor Siemian,QB,1,2016,DEN,0,14,20.64,34.71,242.93,1.29,0.71,2.21,0.21,11.07,1.21,-0.04,0.06,2.0,4.07,0.0,0.07,0.5,-0.38,13.7,11.46
00-0032268,Marcus Mariota,QB,0,2015,TEN,0,12,19.17,30.83,234.83,1.58,0.83,3.17,0.67,11.83,-0.09,0.07,0.07,2.83,21.0,0.17,0.17,1.0,0.38,17.58,17.33
00-0032268,Marcus Mariota,QB,1,2016,TEN,0,15,18.4,30.07,228.4,1.73,0.6,1.53,0.13,10.53,3.81,0.09,0.05,4.0,23.27,0.13,0.4,1.6,-0.1,17.33,14.03
00-0032268,Marcus Mariota,QB,2,2017,TEN,0,15,18.73,30.2,215.47,0.87,1.0,1.8,0.0,9.87,-0.51,0.05,0.05,4.0,20.8,0.33,0.13,1.6,0.69,14.03,12.57
00-0032268,Marcus Mariota,QB,3,2018,TEN,0,14,16.29,23.64,180.57,0.79,0.57,3.0,0.36,8.64,0.59,0.25,0.07,4.57,25.5,0.14,0.21,2.07,0.69,12.57,15.12
00-0032950,Carson Wentz,QB,0,2016,PHI,0,16,23.69,37.94,236.38,1.0,0.88,2.06,0.31,11.94,0.55,-0.05,0.05,2.88,9.38,0.12,0.25,1.19,-0.1,13.37,21.67
00-0032950,Carson Wentz,QB,1,2017,PHI,0,13,20.38,33.85,253.54,2.54,0.54,2.15,0.31,12.31,7.54,0.03,0.06,4.92,23.0,0.0,0.38,2.31,1.15,21.67,17.61
00-0032950,Carson Wentz,QB,2,2018,PHI,0,11,25.36,36.45,279.45,1.91,0.64,2.82,0.64,14.64,3.39,0.46,0.09,3.09,8.45,0.0,0.0,0.91,-0.16,17.61,17.24
00-0032950,Carson Wentz,QB,3,2019,PHI,0,16,24.25,37.94,252.44,1.69,0.44,2.31,0.62,13.31,2.66,-0.04,0.05,3.88,15.19,0.06,0.31,1.56,-0.66,17.24,16.53
00-0032950,Carson Wentz,QB,4,2020,PHI,1,12,20.92,36.42,218.33,1.33,1.25,4.17,0.58,10.92,-6.89,-0.29,0.06,4.33,23.0,0.42,0.25,2.25,0.74,16.53,15.18
00-0032950,Carson Wentz,QB,5,2021,IND,1,17,18.94,30.35,209.59,1.59,0.41,1.88,0.24,9.76,0.77,-0.12,0.05,3.35,12.65,0.06,0.24,1.41,0.46,15.18,14.1
00-0033077,Dak Prescott,QB,0,2016,DAL,0,16,19.44,28.69,229.19,1.44,0.25,1.56,0.38,11.38,7.56,0.27,0.06,3.56,17.62,0.38,0.12,1.44,1.13,17.93,16.29
00-0033077,Dak Prescott,QB,1,2017,DAL,0,16,19.25,30.62,207.75,1.38,0.81,2.0,0.25,10.12,-2.01,-0.02,0.05,3.56,22.31,0.38,0.0,1.81,2.06,16.29,17.87
00-0033077,Dak Prescott,QB,2,2018,DAL,0,16,22.25,32.88,242.81,1.38,0.5,3.5,0.38,11.5,1.53,0.07,0.06,4.69,19.06,0.38,0.25,1.69,0.6,17.87,21.11
00-0033077,Dak Prescott,QB,3,2019,DAL,0,16,24.25,37.25,306.38,1.88,0.69,1.44,0.25,14.31,7.79,0.06,0.05,3.25,17.31,0.19,0.12,1.31,1.05,21.11,20.04
00-0033077,Dak Prescott,QB,5,2021,DAL,0,16,25.62,37.25,278.06,2.31,0.62,1.88,0.31,14.19,6.77,0.14,0.06,3.0,9.12,0.06,0.44,0.81,-1.46,20.04,16.55
00-0033077,Dak Prescott,QB,6,2022,DAL,0,12,21.75,32.83,238.33,1.92,1.25,1.67,0.17,11.83,3.51,0.0,0.07,3.75,15.17,0.08,0.08,1.67,0.46,16.55,20.17
00-0033077,Dak Prescott,QB,7,2023,DAL,0,17,24.12,34.71,265.65,2.12,0.53,2.29,0.12,13.18,7.11,0.23,0.06,3.24,14.24,0.12,0.06,1.29,0.77,20.17,14.56
00-0033077,Dak Prescott,QB,8,2024,DAL,0,8,23.12,35.75,247.25,1.38,1.0,2.62,0.5,11.0,-1.16,-0.11,0.11,1.62,6.75,0.12,0.0,0.62,0.56,14.56,
00-0033106,Jared Goff,QB,1,2017,LA,0,15,19.73,31.8,253.6,1.87,0.47,1.67,0.47,11.73,6.38,-0.06,0.07,1.87,3.4,0.07,0.07,0.2,-0.74,17.02,19.4
00-0033106,Jared Goff,QB,2,2018,LA,0,16,22.75,35.06,293.0,2.0,0.75,2.06,0.5,14.56,7.43,0.1,0.06,2.69,6.75,0.12,0.12,0.69,-0.6,19.4,15.47
00-0033106,Jared Goff,QB,3,2019,LA,0,16,24.62,39.12,289.88,1.38,1.0,1.38,0.44,13.75,3.81,-0.11,0.06,2.06,2.5,0.12,0.19,0.5,-0.8,15.47,16.0
00-0033106,Jared Goff,QB,4,2020,LA,1,15,24.67,36.8,263.47,1.33,0.87,1.53,0.33,12.93,1.73,0.06,0.07,3.4,6.6,0.27,0.13,0.87,-0.4,16.0,13.89
00-0033106,Jared Goff,QB,5,2021,DET,0,14,23.71,35.29,231.79,1.36,0.57,2.5,0.43,11.64,-1.82,0.04,0.07,1.21,6.21,0.0,0.21,0.5,-0.99,13.89,16.72
00-0033106,Jared Goff,QB,6,2022,DET,0,17,22.47,34.53,261.06,1.71,0.41,1.35,0.29,13.35,6.0,-0.09,0.06,1.71,4.29,0.0,0.12,0.41,-0.94,16.72,17.01
00-0033106,Jared Goff,QB,7,2023,DET,0,17,23.94,35.59,269.12,1.76,0.71,1.76,0.24,13.35,4.76,0.07,0.07,1.88,1.24,0.12,0.12,0.41,-1.29,17.01,19.09
00-0033106,Jared Goff,QB,8,2024,DET,0,17,22.94,31.71,272.29,2.18,0.71,1.82,0.35,13.88,9.91,0.34,0.08,2.06,3.29,0.0,0.0,0.53,-0.18,19.09,
00-0033119,Jacoby Brissett,QB,1,2017,IND,0,16,17.25,29.31,193.62,0.81,0.44,3.25,0.31,8.94,-2.81,-0.28,0.06,3.94,16.25,0.25,0.19,1.12,-0.14,12.87,14.51
00-0033119,Jacoby Brissett,QB,3,2019,IND,0,15,18.13,29.8,196.13,1.2,0.4,1.8,0.27,9.53,0.8,-0.22,0.06,3.73,15.2,0.27,0.2,1.47,0.63,14.51,1.87
00-0033119,Jacoby Brissett,QB,4,2020,IND,1,11,0.18,0.73,1.55,0.0,0.0,0.18,0.0,0.09,-0.77,-3.47,0.02,1.55,1.73,0.27,0.0,0.82,0.52,1.87,7.23
00-0033119,Jacoby Brissett,QB,5,2021,MIA,1,10,14.1,22.5,128.3,0.5,0.4,1.9,0.4,6.9,-2.29,-0.22,0.08,1.9,7.0,0.1,0.0,0.9,0.3,7.23,12.04
00-0033319,Nick Mullens,QB,1,2018,SF,0,8,22.0,34.25,284.62,1.62,1.25,2.12,0.12,13.38,4.02,0.24,0.15,2.25,-2.0,0.0,0.12,0.38,-1.25,15.44,11.63
00-0033537,Deshaun Watson,QB,1,2018,HOU,0,16,21.56,31.56,260.31,1.62,0.56,3.88,0.38,12.69,3.76,0.29,0.06,6.19,34.44,0.31,0.19,2.25,0.62,20.73,21.4
00-0033537,Deshaun Watson,QB,2,2019,HOU,0,15,22.2,33.0,256.8,1.73,0.8,2.93,0.27,12.73,5.08,0.13,0.06,5.47,27.53,0.47,0.4,2.13,1.62,21.4,23.08
00-0033662,Cooper Rush,QB,5,2022,DAL,0,8,11.75,20.25,131.38,0.62,0.38,0.88,0.25,6.5,-1.18,-0.86,0.11,1.12,0.75,0.0,0.0,0.12,-0.41,7.08,9.13
00-0033662,Cooper Rush,QB,7,2024,DAL,1,12,15.58,25.67,153.67,1.0,0.42,1.08,0.17,7.67,-1.91,-0.67,0.07,2.17,1.5,0.0,0.58,1.0,-1.51,9.13,
00-0033869,Mitchell Trubisky,QB,0,2017,CHI,0,12,16.33,27.5,182.75,0.58,0.58,2.58,0.33,8.42,-3.71,-0.45,0.07,3.42,20.67,0.17,0.42,1.5,0.1,11.21,18.79
00-0033869,Mitchell Trubisky,QB,1,2018,CHI,0,14,20.64,31.0,230.21,1.71,0.86,1.71,0.36,10.79,3.86,0.14,0.06,4.86,30.07,0.21,0.07,2.14,2.03,18.79,13.52
00-0033869,Mitchell Trubisky,QB,2,2019,CHI,0,15,21.73,34.4,209.2,1.13,0.67,2.53,0.2,10.4,-2.33,-0.16,0.05,3.2,12.87,0.13,0.13,0.93,-0.07,13.52,15.37
00-0033869,Mitchell Trubisky,QB,3,2020,CHI,1,10,19.9,29.7,205.5,1.6,0.8,1.8,0.4,12.4,2.87,0.11,0.09,3.3,19.5,0.1,0.1,1.3,0.92,15.37,1.91
00-0033869,Mitchell Trubisky,QB,7,2024,BUF,0,8,2.38,3.25,22.38,0.25,0.0,0.0,0.0,0.88,1.21,0.72,0.16,2.12,0.12,0.0,0.12,0.25,-1.51,1.91,
00-0033873,Patrick Mahomes,QB,1,2018,KC,0,16,23.94,36.25,318.56,3.12,0.75,1.62,0.19,14.81,13.86,0.28,0.06,3.75,17.0,0.12,0.12,1.38,0.95,26.07,20.5
00-0033873,Patrick Mahomes,QB,2,2019,KC,0,14,22.79,34.57,287.93,1.86,0.36,1.21,0.14,12.57,9.91,0.18,0.07,3.07,15.57,0.14,0.07,1.14,0.87,20.5,24.96
00-0033873,Patrick Mahomes,QB,3,2020,KC,0,15,26.0,39.2,316.0,2.53,0.4,1.47,0.2,15.93,12.4,0.19,0.06,4.13,20.53,0.13,0.13,1.6,1.17,24.96,21.27
00-0033873,Patrick Mahomes,QB,4,2021,KC,0,17,25.65,38.71,284.65,2.18,0.76,1.65,0.29,15.29,8.16,0.16,0.06,3.88,22.41,0.12,0.18,1.65,0.84,21.27,24.55
00-0033873,Patrick Mahomes,QB,5,2022,KC,0,17,25.59,38.12,308.82,2.41,0.71,1.53,0.0,16.06,11.36,0.21,0.07,3.59,21.06,0.24,0.24,1.65,1.43,24.55,17.51
00-0033873,Patrick Mahomes,QB,6,2023,KC,0,16,25.06,37.31,261.44,1.69,0.88,1.69,0.25,12.88,3.19,0.17,0.07,4.69,24.31,0.0,0.06,1.75,0.83,17.51,17.69
00-0033873,Patrick Mahomes,QB,7,2024,KC,0,16,24.5,36.31,245.5,1.62,0.69,2.25,0.06,13.38,4.45,0.16,0.07,3.62,19.19,0.12,0.06,1.38,1.52,17.69,
00-0034771,Mason Rudolph,QB,1,2019,PIT,0,10,17.6,28.3,176.5,1.3,0.9,1.5,0.4,8.0,-1.83,-0.12,0.08,2.1,4.2,0.0,0.0,0.7,-1.49,10.88,11.98
00-0034771,Mason Rudolph,QB,6,2024,TEN,1,8,18.25,28.5,191.25,1.12,1.12,1.38,0.25,9.75,-0.11,0.03,0.12,3.12,13.25,0.12,0.38,2.0,0.62,11.98,
00-0034796,Lamar Jackson,QB,0,2018,BAL,0,16,6.19,10.62,75.06,0.38,0.19,1.0,0.12,3.75,-0.45,-0.38,0.05,9.19,43.44,0.31,0.62,3.44,0.12,9.85,27.71
00-0034796,Lamar Jackson,QB,1,2019,BAL,0,15,17.67,26.73,208.47,2.4,0.4,1.53,0.0,10.73,9.6,0.25,0.06,11.73,80.4,0.47,0.47,5.07,3.66,27.71,22.19
00-0034796,Lamar Jackson,QB,2,2020,BAL,0,15,16.13,25.07,183.8,1.73,0.6,1.93,0.27,9.27,3.82,0.07,0.06,10.6,67.0,0.47,0.33,4.0,2.66,22.19,20.0
00-0034796,Lamar Jackson,QB,3,2021,BAL,0,12,20.5,31.83,240.17,1.33,1.08,3.17,0.17,11.33,1.54,0.06,0.07,11.08,63.92,0.17,0.25,4.17,1.29,20.0,19.67
00-0034796,Lamar Jackson,QB,4,2022,BAL,0,12,16.92,27.17,186.83,1.42,0.58,2.17,0.08,8.83,0.87,-0.05,0.07,9.33,63.67,0.25,0.17,4.17,3.31,19.67,20.7
00-0034796,Lamar Jackson,QB,5,2023,BAL,0,16,19.19,28.56,229.88,1.5,0.44,2.31,0.38,10.44,3.69,0.22,0.06,9.25,51.31,0.31,0.25,3.38,0.63,20.7,25.32
00-0034796,Lamar Jackson,QB,6,2024,BAL,0,17,18.59,27.88,245.41,2.41,0.24,1.35,0.12,11.65,10.13,0.27,0.06,8.18,53.82,0.24,0.35,3.12,0.69,25.32,
00-0034855,Baker Mayfield,QB,0,2018,CLE,0,14,22.14,34.71,266.07,1.93,1.0,1.79,0.21,12.21,2.38,0.09,0.06,2.79,9.36,0.0,0.21,0.64,-0.67,17.15,14.32
00-0034855,Baker Mayfield,QB,1,2019,CLE,0,16,19.81,33.38,239.19,1.38,1.31,2.5,0.25,11.19,-0.73,-0.18,0.05,1.75,8.81,0.19,0.12,1.0,0.67,14.32,15.54
00-0034855,Baker Mayfield,QB,2,2020,CLE,0,16,19.06,30.38,222.69,1.62,0.5,1.62,0.25,11.75,5.55,0.17,0.05,3.38,10.31,0.06,0.19,1.25,-0.44,15.54,12.92
00-0034855,Baker Mayfield,QB,3,2021,CLE,1,14,18.07,29.86,215.0,1.21,0.93,3.07,0.36,10.21,-0.39,-0.19,0.06,2.64,9.57,0.07,0.07,0.86,0.44,12.92,10.12
00-0034855,Baker Mayfield,QB,4,2022,LA,1,12,16.75,27.92,180.25,0.83,0.67,3.0,0.25,7.83,-4.27,-0.58,0.08,2.58,7.42,0.08,0.42,0.92,-0.59,10.12,16.12
00-0034855,Baker Mayfield,QB,5,2023,TB,0,17,21.41,33.29,237.88,1.65,0.59,2.35,0.29,11.06,2.93,0.01,0.05,3.65,9.59,0.06,0.12,1.12,-0.85,16.12,21.52
00-0034855,Baker Mayfield,QB,6,2024,TB,0,17,23.94,33.53,264.71,2.41,0.94,2.35,0.24,13.18,6.79,0.21,0.07,3.53,22.24,0.18,0.41,1.82,0.4,21.52,
00-0034857,Josh Allen,QB,0,2018,BUF,0,12,14.08,26.67,172.83,0.83,1.0,2.33,0.25,7.42,-3.29,-0.57,0.05,7.42,52.58,0.67,0.42,3.67,2.82,17.34,18.04
00-0034857,Josh Allen,QB,1,2019,BUF,0,16,16.94,28.81,193.06,1.25,0.56,2.38,0.38,9.12,-0.75,-0.1,0.05,6.81,31.88,0.56,0.44,2.81,1.23,18.04,24.75
00-0034857,Josh Allen,QB,2,2020,BUF,0,16,24.75,35.75,284.0,2.31,0.62,1.62,0.31,14.25,10.56,0.41,0.06,6.38,26.31,0.5,0.25,2.5,0.01,24.75,23.68
00-0034857,Josh Allen,QB,3,2021,BUF,0,17,24.06,38.0,259.24,2.12,0.88,1.53,0.18,14.12,4.71,0.12,0.05,7.18,44.88,0.35,0.29,3.29,3.27,23.68,24.72
00-0034857,Josh Allen,QB,4,2022,BUF,0,16,22.44,35.44,267.69,2.19,0.88,2.06,0.38,13.25,6.36,0.06,0.05,7.75,47.62,0.44,0.44,3.75,2.53,24.72,23.1
00-0034857,Josh Allen,QB,5,2023,BUF,0,17,22.65,34.06,253.29,1.71,1.06,1.41,0.12,11.76,5.39,0.3,0.05,6.53,30.82,0.88,0.24,3.47,3.2,23.1,23.69
00-0034857,Josh Allen,QB,6,2024,BUF,0,16,19.19,30.19,233.19,1.75,0.38,0.88,0.25,10.81,8.13,0.05,0.06,6.38,33.19,0.75,0.0,3.19,3.56,23.69,
00-0034869,Sam Darnold,QB,0,2018,NYJ,0,13,18.38,31.85,220.38,1.31,1.15,2.31,0.08,10.0,-1.09,-0.36,0.06,3.38,10.62,0.08,0.31,1.62,-0.46,12.95,14.55
00-0034869,Sam Darnold,QB,1,2019,NYJ,0,13,21.0,33.92,232.62,1.46,1.0,2.54,0.38,11.31,-1.1,0.08,0.06,2.54,4.77,0.15,0.38,1.08,-0.59,14.55,11.17
00-0034869,Sam Darnold,QB,2,2020,NYJ,1,12,18.08,30.33,184.0,0.75,0.92,2.92,0.33,9.08,-6.4,-0.16,0.07,3.08,18.08,0.17,0.0,1.08,1.05,11.17,13.11
00-0034869,Sam Darnold,QB,3,2021,CAR,0,12,20.25,33.83,210.58,0.75,1.08,2.92,0.42,10.25,-6.39,-0.41,0.07,4.0,18.5,0.42,0.17,1.83,0.32,13.11,2.34
00-0034869,Sam Darnold,QB,5,2023,SF,1,10,2.8,4.6,29.7,0.2,0.1,0.6,0.2,1.5,-0.03,-0.14,0.08,2.1,1.5,0.1,0.1,0.4,-0.83,2.34,18.12
00-0034869,Sam Darnold,QB,6,2024,MIN,1,17,21.24,32.06,254.06,2.06,0.71,2.82,0.29,12.24,2.92,0.23,0.06,3.94,12.47,0.06,0.18,1.53,-0.18,18.12,
00-0035228,Kyler Murray,QB,0,2019,ARI,0,16,21.81,33.88,232.62,1.25,0.75,3.0,0.12,10.81,0.31,-0.09,0.06,5.81,34.0,0.25,0.19,1.88,-0.03,17.83,23.67
00-0035228,Kyler Murray,QB,1,2020,ARI,0,16,23.44,34.88,248.19,1.62,0.75,1.69,0.25,12.94,1.99,0.14,0.06,8.31,51.19,0.69,0.31,3.56,2.69,23.67,21.46
00-0035228,Kyler Murray,QB,2,2021,ARI,0,14,23.79,34.36,270.5,1.71,0.71,2.21,0.07,12.36,4.6,0.3,0.07,6.29,30.21,0.36,0.71,2.71,0.33,21.46,18.23
00-0035228,Kyler Murray,QB,3,2022,ARI,0,11,23.55,35.45,215.27,1.27,0.64,2.27,0.18,10.82,-1.63,-0.07,0.08,6.09,38.0,0.27,0.36,2.55,1.14,18.23,18.3
00-0035228,Kyler Murray,QB,4,2023,ARI,0,8,22.0,33.5,224.88,1.25,0.62,2.25,0.25,11.12,-2.08,-0.28,0.12,5.5,30.5,0.38,0.62,2.12,0.84,18.3,17.48
00-0035228,Kyler Murray,QB,5,2024,ARI,0,17,21.88,31.82,226.53,1.24,0.65,1.76,0.18,11.24,3.86,0.12,0.06,4.59,33.65,0.29,0.24,1.88,1.05,17.48,
00-0035289,Gardner Minshew,QB,0,2019,JAX,0,14,20.36,33.57,233.64,1.5,0.43,2.36,0.64,10.71,-0.89,-0.27,0.07,4.79,24.57,0.0,0.21,1.64,-0.28,16.37,17.85
00-0035289,Gardner Minshew,QB,1,2020,JAX,1,9,24.0,36.33,251.0,1.78,0.56,3.0,0.44,13.11,1.86,0.47,0.1,3.22,17.0,0.11,0.11,1.22,0.85,17.85,12.26
00-0035289,Gardner Minshew,QB,4,2023,IND,1,16,19.06,30.62,206.56,0.94,0.56,2.12,0.38,9.19,-0.41,-0.2,0.06,2.12,6.25,0.19,0.0,0.44,-0.17,12.26,9.63
00-0035289,Gardner Minshew,QB,5,2024,LV,1,10,20.3,30.6,201.3,0.9,1.0,2.9,0.4,10.6,-4.6,0.05,0.11,1.9,5.8,0.0,0.2,0.7,-0.76,9.63,
00-0035710,Daniel Jones,QB,0,2019,NYG,0,13,21.85,35.31,232.85,1.85,0.92,2.92,0.85,10.77,-3.09,-0.15,0.06,3.46,21.46,0.15,0.38,1.77,1.25,16.54,12.86
00-0035710,Daniel Jones,QB,1,2020,NYG,0,14,20.0,32.0,210.21,0.79,0.71,3.21,0.57,11.29,-1.74,-0.16,0.06,4.64,30.21,0.07,0.21,1.36,-0.06,12.86,15.23
00-0035710,Daniel Jones,QB,2,2021,NYG,0,11,21.09,32.82,220.73,0.91,0.64,2.0,0.45,10.55,-1.04,-0.08,0.08,5.64,27.09,0.18,0.18,1.55,0.69,15.23,18.06
00-0035710,Daniel Jones,QB,3,2022,NYG,0,16,19.81,29.5,200.31,0.94,0.31,2.75,0.25,9.75,1.32,0.15,0.07,7.5,44.25,0.44,0.12,3.56,2.45,18.06,13.53
00-0035710,Daniel Jones,QB,5,2024,NYG,1,10,21.6,34.1,207.0,0.8,0.7,2.9,0.3,10.7,-3.81,0.15,0.08,6.7,26.5,0.2,0.0,2.9,0.8,13.53,
00-0036212,Tua Tagovailoa,QB,0,2020,MIA,0,10,18.6,29.0,181.4,1.1,0.5,2.0,0.1,10.0,-1.44,-0.12,0.08,3.6,10.9,0.3,0.0,1.4,0.22,13.55,13.92
00-0036212,Tua Tagovailoa,QB,1,2021,MIA,0,13,20.23,29.85,204.08,1.23,0.77,1.54,0.46,10.54,1.61,0.15,0.07,3.23,9.85,0.23,0.15,1.31,-0.39,13.92,17.76
00-0036212,Tua Tagovailoa,QB,2,2022,MIA,0,13,19.92,30.77,272.92,1.92,0.62,1.62,0.31,12.46,7.42,0.11,0.07,1.85,5.38,0.0,0.15,0.54,-0.7,17.76,15.9
00-0036212,Tua Tagovailoa,QB,3,2023,MIA,0,17,22.82,32.94,272.0,1.71,0.82,1.71,0.06,13.12,7.16,0.26,0.06,2.06,4.35,0.0,0.53,0.76,-2.3,15.9,16.51
00-0036212,Tua Tagovailoa,QB,4,2024,MIA,0,11,26.45,36.27,260.64,1.73,0.64,1.91,0.36,14.64,7.8,0.34,0.11,1.55,4.45,0.0,0.27,0.82,0.04,16.51,
00-0036264,Jordan Love,QB,3,2023,GB,0,17,21.88,34.06,244.65,1.88,0.65,1.76,0.24,12.29,5.18,0.07,0.05,2.94,14.53,0.24,0.24,1.0,-0.43,18.77,15.59
00-0036264,Jordan Love,QB,4,2024,GB,0,15,17.87,28.33,225.93,1.67,0.73,0.93,0.07,10.07,4.14,0.04,0.06,1.67,5.53,0.07,0.2,0.8,0.41,15.59,
00-0036355,Justin Herbert,QB,0,2020,LAC,0,15,26.4,39.67,289.07,2.07,0.67,2.13,0.2,14.4,6.04,0.0,0.07,3.67,15.6,0.33,0.27,1.47,-0.02,22.19,22.4
00-0036355,Justin Herbert,QB,1,2021,LAC,0,17,26.06,39.53,294.94,2.24,0.88,1.82,0.06,15.12,7.15,-0.04,0.06,3.71,17.76,0.18,0.0,1.65,0.66,22.4,16.54
00-0036355,Justin Herbert,QB,2,2022,LAC,0,17,28.06,41.12,278.76,1.47,0.59,2.24,0.24,13.47,1.44,0.08,0.06,3.18,8.65,0.0,0.18,1.12,0.6,16.54,18.01
00-0036355,Justin Herbert,QB,3,2023,LAC,0,13,22.85,35.08,241.08,1.54,0.54,2.23,0.23,11.54,2.15,-0.02,0.07,4.0,17.54,0.23,0.08,1.38,0.41,18.01,16.79
00-0036355,Justin Herbert,QB,4,2024,LAC,0,17,19.53,29.65,227.65,1.35,0.18,2.41,0.24,10.35,4.24,0.11,0.05,4.06,18.0,0.12,0.12,1.47,0.25,16.79,
00-0036389,Jalen Hurts,QB,0,2020,PHI,0,14,5.5,10.57,75.79,0.43,0.29,0.93,0.14,3.21,-0.4,-0.6,0.06,4.5,25.29,0.21,0.43,1.93,0.06,7.8,20.81
00-0036389,Jalen Hurts,QB,1,2021,PHI,0,15,17.67,28.8,209.6,1.07,0.6,1.73,0.33,9.6,1.26,0.01,0.05,9.27,52.27,0.67,0.2,4.07,2.71,20.81,25.2
00-0036389,Jalen Hurts,QB,2,2022,PHI,0,15,20.4,30.67,246.73,1.47,0.4,2.53,0.27,11.0,4.75,0.18,0.07,11.0,50.67,0.87,0.33,4.87,3.32,25.2,20.99
00-0036389,Jalen Hurts,QB,3,2023,PHI,0,17,20.71,31.65,226.94,1.35,0.88,2.12,0.18,10.88,3.67,0.22,0.05,9.24,35.59,0.88,0.24,4.12,1.25,20.99,21.01
00-0036389,Jalen Hurts,QB,4,2024,PHI,0,15,16.53,24.07,193.53,1.2,0.33,2.53,0.33,9.27,2.69,0.5,0.07,10.0,42.0,0.93,0.27,4.27,2.72,21.01,
00-0036442,Joe Burrow,QB,0,2020,CIN,0,10,26.4,40.4,268.8,1.3,0.5,3.2,0.4,15.0,4.9,0.21,0.08,3.7,14.2,0.3,0.4,1.7,-0.01,17.37,19.64
00-0036442,Joe Burrow,QB,1,2021,CIN,0,16,22.88,32.5,288.19,2.12,0.88,3.19,0.25,12.62,6.23,0.42,0.07,2.5,7.38,0.12,0.06,0.94,0.22,19.64,21.92
00-0036442,Joe Burrow,QB,2,2022,CIN,0,16,25.88,37.88,279.69,2.19,0.75,2.56,0.38,13.69,5.58,0.17,0.07,4.69,16.06,0.31,0.0,1.69,0.17,21.92,14.72
00-0036442,Joe Burrow,QB,3,2023,CIN,0,10,24.4,36.5,230.9,1.5,0.6,2.4,0.2,11.6,0.61,0.12,0.1,3.1,8.8,0.0,0.0,0.9,-0.35,14.72,21.93
00-0036442,Joe Burrow,QB,4,2024,CIN,0,17,27.06,38.35,289.29,2.53,0.53,2.82,0.53,14.94,6.77,0.4,0.06,2.47,11.82,0.12,0.12,1.06,0.94,21.93,
00-0036898,Davis Mills,QB,0,2021,HOU,0,13,20.23,30.31,204.92,1.23,0.77,2.38,0.31,9.15,-3.44,-0.02,0.07,1.38,3.38,0.0,0.0,0.46,-0.56,12.07,12.1
00-0036945,Justin Fields,QB,0,2021,CHI,0,12,13.25,22.5,155.83,0.58,0.83,3.0,0.67,6.92,-5.41,-0.16,0.06,6.0,35.0,0.17,0.33,2.17,0.56,10.57,19.73
00-0036945,Justin Fields,QB,1,2022,CHI,0,15,12.8,21.2,149.47,1.13,0.73,3.67,0.47,6.13,-4.5,-0.17,0.05,10.67,76.2,0.53,0.53,5.13,4.35,19.73,17.71
00-0036945,Justin Fields,QB,2,2023,CHI,1,13,17.46,28.46,197.08,1.23,0.69,3.38,0.54,9.31,-2.94,0.06,0.07,9.54,50.54,0.31,0.23,3.38,1.99,17.71,11.91
00-0036945,Justin Fields,QB,3,2024,PIT,1,10,10.6,16.1,110.6,0.5,0.1,1.6,0.2,4.5,0.76,0.24,0.09,6.2,28.9,0.5,0.4,2.4,0.24,11.91,
00-0036971,Trevor Lawrence,QB,0,2021,JAX,0,17,21.12,35.41,214.18,0.71,1.0,1.88,0.35,10.47,-3.57,-0.28,0.05,4.29,19.65,0.12,0.12,1.35,0.67,11.71,17.39
00-0036971,Trevor Lawrence,QB,1,2022,JAX,0,17,22.76,34.35,241.94,1.47,0.47,1.59,0.41,12.18,4.93,0.08,0.06,3.65,17.12,0.29,0.29,1.82,-0.31,17.39,16.41
00-0036971,Trevor Lawrence,QB,2,2023,JAX,0,16,23.12,35.25,251.0,1.31,0.88,2.19,0.5,11.19,-0.0,0.06,0.05,4.38,21.19,0.25,0.19,1.62,0.09,16.41,14.52
00-0036971,Trevor Lawrence,QB,3,2024,JAX,0,10,17.2,28.4,204.5,1.1,0.7,1.8,0.2,9.7,0.61,-0.1,0.08,2.6,11.9,0.3,0.0,1.4,0.84,14.52,
00-0036972,Mac Jones,QB,0,2021,NE,0,17,20.71,30.65,223.59,1.29,0.76,1.65,0.24,10.41,3.11,0.14,0.05,2.59,7.59,0.0,0.18,1.47,-0.01,13.23,12.15
00-0036972,Mac Jones,QB,1,2022,NE,0,14,20.57,31.57,214.07,1.0,0.79,2.43,0.14,9.14,-2.16,-0.03,0.06,3.36,7.29,0.07,0.14,1.0,-0.31,12.15,9.67
00-0036972,Mac Jones,QB,2,2023,NE,1,11,20.36,31.36,192.73,0.91,1.09,2.0,0.18,9.09,-4.97,-0.26,0.08,2.36,8.73,0.0,0.09,1.09,-0.49,9.67,9.61
00-0036972,Mac Jones,QB,3,2024,JAX,1,10,17.1,26.2,167.2,0.8,0.8,1.4,0.1,7.7,-0.33,-0.05,0.09,2.8,9.2,0.1,0.1,1.4,0.07,9.61,
00-0037013,Zach Wilson,QB,0,2021,NYJ,0,13,16.38,29.46,179.54,0.69,0.85,3.38,0.31,8.62,-7.35,-0.74,0.06,2.23,14.23,0.31,0.0,0.77,0.59,11.68,10.99
00-0037013,Zach Wilson,QB,1,2022,NYJ,0,9,14.67,26.89,187.56,0.67,0.78,2.56,0.11,8.11,-4.02,-0.62,0.09,3.11,11.33,0.11,0.0,0.78,-0.01,10.99,9.99
00-0037834,Brock Purdy,QB,0,2022,SF,0,9,12.67,18.89,152.67,1.44,0.44,1.22,0.0,7.33,4.06,-0.08,0.14,2.44,1.44,0.11,0.0,0.56,-1.16,11.81,18.48
00-0037834,Brock Purdy,QB,1,2023,SF,0,16,19.25,27.75,267.5,1.94,0.69,1.75,0.25,12.06,8.98,0.34,0.07,2.44,9.0,0.12,0.12,1.06,0.71,18.48,17.79
00-0037834,Brock Purdy,QB,2,2024,SF,0,15,20.0,30.33,257.6,1.33,0.8,2.07,0.33,11.93,5.19,0.14,0.07,4.4,21.53,0.33,0.13,2.4,1.28,17.79,
00-0038102,Kenny Pickett,QB,0,2022,PIT,0,13,18.85,29.92,184.92,0.54,0.69,2.08,0.08,9.46,-0.69,0.06,0.06,4.23,18.23,0.23,0.23,2.0,0.75,11.53,9.18
00-0038579,Aidan O'Connell,QB,0,2023,LV,0,11,19.36,31.18,201.64,1.09,0.64,2.18,0.27,9.73,-1.62,-0.35,0.08,1.55,1.0,0.09,0.09,0.73,-0.37,11.44,10.39
00-0038579,Aidan O'Connell,QB,1,2024,LV,0,9,17.11,27.0,179.11,0.89,0.44,1.11,0.0,8.67,0.27,-0.4,0.09,2.33,3.33,0.11,0.22,1.33,-0.9,10.39,
00-0038998,Jake Haener,QB,1,2024,NO,0,8,2.25,4.88,28.25,0.12,0.12,0.75,0.0,1.25,-1.87,-2.16,0.08,1.38,2.75,0.0,0.0,0.0,-0.19,1.66,
00-0039150,Bryce Young,QB,0,2023,CAR,0,16,19.69,32.94,179.81,0.69,0.62,3.88,0.56,8.44,-9.95,-0.09,0.04,2.44,15.81,0.0,0.12,1.25,1.42,9.77,13.93
00-0039150,Bryce Young,QB,1,2024,CAR,0,14,16.71,27.43,171.64,1.07,0.64,2.07,0.21,8.43,-1.85,0.05,0.05,3.07,17.79,0.43,0.07,1.14,1.11,13.93,
00-0039152,Will Levis,QB,0,2023,TEN,0,9,16.56,28.33,200.89,0.89,0.44,3.11,0.56,9.0,-1.43,-0.04,0.07,2.78,6.33,0.11,0.22,1.0,-1.05,11.34,9.99
00-0039152,Will Levis,QB,1,2024,TEN,0,12,15.83,25.08,174.25,1.08,1.0,3.42,0.42,7.17,-5.46,-0.04,0.07,3.75,15.25,0.0,0.42,2.08,-1.46,9.99,
00-0039163,C.J. Stroud,QB,0,2023,HOU,0,15,21.27,33.27,273.87,1.53,0.33,2.53,0.4,12.53,4.13,0.01,0.06,2.6,11.13,0.2,0.13,1.27,0.41,18.4,12.96
00-0039163,C.J. Stroud,QB,1,2024,HOU,0,17,19.76,31.29,219.24,1.18,0.71,3.06,0.18,11.06,-0.77,-0.1,0.05,3.06,13.71,0.0,0.18,0.94,-0.42,12.96,
00-0039164,Anthony Richardson,QB,1,2024,IND,0,11,11.45,24.0,164.91,0.73,1.09,1.27,0.18,6.64,-3.56,-0.99,0.05,7.82,45.36,0.55,0.55,3.45,2.16,14.85,
00-0039732,Bo Nix,QB,0,2024,DEN,0,17,22.12,33.35,222.06,1.71,0.71,1.41,0.06,10.0,2.03,0.03,0.05,5.41,25.29,0.24,0.06,2.53,1.3,18.66,
00-0039851,Drake Maye,QB,0,2024,NE,0,13,17.31,26.0,175.08,1.15,0.77,2.62,0.38,8.62,-2.03,0.22,0.07,4.15,32.38,0.15,0.31,2.0,1.55,13.63,
00-0039910,Jayden Daniels,QB,0,2024,WAS,0,17,19.47,28.24,209.88,1.47,0.53,2.76,0.12,10.0,3.58,0.21,0.06,8.71,52.41,0.35,0.18,3.29,3.44,20.93,
00-0039918,Caleb Williams,QB,0,2024,CHI,0,17,20.65,33.06,208.29,1.18,0.35,4.0,0.35,10.12,-2.78,-0.01,0.05,4.76,28.76,0.0,0.18,1.76,0.68,14.97,
