player_id,player_display_name,position,season,recent_team,games,racr,target_share,air_yards_share,wopr,receptions_per_game,targets_per_game,receiving_yards_per_game,receiving_tds_per_game,receiving_fumbles_per_game,receiving_air_yards_per_game,receiving_yards_after_catch_per_game,receiving_first_downs_per_game,receiving_epa_per_game,fantasy_points_ppr_per_game,fantasy_points_ppr_per_game_next_year
00-0021547,Antonio Gates,TE,2015,LAC,11,0.91,0.13,0.14,0.29,5.09,7.73,57.27,0.45,0.0,63.27,21.73,3.0,2.03,13.55,11.37
00-0021547,Antonio Gates,TE,2016,LAC,13,0.71,0.16,0.16,0.36,4.08,7.15,42.15,0.54,0.08,59.15,14.46,2.62,0.91,11.37,4.97
00-0021547,Antonio Gates,TE,2017,LAC,16,0.73,0.09,0.09,0.2,1.88,3.25,19.75,0.19,0.0,27.0,4.12,1.0,0.19,4.97,4.71
00-0021547,Antonio Gates,TE,2018,LAC,16,0.94,0.09,0.09,0.2,1.75,2.81,20.81,0.12,0.06,22.25,7.88,1.19,0.36,4.71,
00-0022127,Jason Witten,TE,2015,DAL,16,0.98,0.2,0.18,0.43,4.81,6.5,44.56,0.19,0.06,45.44,14.38,2.25,-0.16,10.27,10.15
00-0022127,Jason Witten,TE,2016,DAL,15,1.13,0.2,0.15,0.41,4.6,6.33,44.87,0.2,0.07,39.73,18.2,2.2,1.5,10.15,9.31
00-0022127,Jason Witten,TE,2017,DAL,16,0.93,0.18,0.15,0.38,3.94,5.44,35.0,0.31,0.0,37.62,6.56,1.62,1.08,9.31,8.74
00-0022127,Jason Witten,TE,2019,DAL,16,0.97,0.14,0.1,0.28,3.94,5.19,33.06,0.25,0.06,34.12,10.12,1.69,1.21,8.74,3.19
00-0022127,Jason Witten,TE,2020,LV,10,0.76,0.03,0.02,0.06,1.3,1.7,6.9,0.2,0.0,9.1,2.0,0.8,0.24,3.19,
00-0022943,Benjamin Watson,TE,2015,NO,16,0.84,0.17,0.19,0.38,4.62,6.88,51.56,0.38,0.06,61.56,15.06,2.62,2.7,11.91,8.57
00-0022943,Benjamin Watson,TE,2017,BAL,16,1.25,0.14,0.11,0.29,3.81,4.94,32.62,0.25,0.06,26.0,16.44,1.94,0.7,8.57,6.69
00-0022943,Benjamin Watson,TE,2018,NO,13,0.85,0.09,0.12,0.22,2.69,3.54,30.77,0.15,0.0,36.15,6.69,1.62,1.59,6.69,3.81
00-0022943,Benjamin Watson,TE,2019,NE,9,0.81,0.04,0.05,0.09,1.89,2.67,19.22,0.0,0.0,23.78,9.22,1.0,1.13,3.81,
00-0023465,Heath Miller,TE,2015,PIT,15,1.15,0.14,0.08,0.26,4.0,5.4,35.67,0.13,0.0,31.0,14.13,1.93,1.33,8.51,
00-0024221,Vernon Davis,TE,2015,DEN,13,0.71,0.11,0.14,0.27,2.92,4.46,30.38,0.0,0.0,43.0,11.0,1.62,0.02,5.96,7.62
00-0024221,Vernon Davis,TE,2016,WAS,15,1.11,0.1,0.1,0.22,2.93,3.93,38.87,0.13,0.0,35.0,15.87,1.47,0.76,7.62,7.61
00-0024221,Vernon Davis,TE,2017,WAS,16,0.87,0.13,0.18,0.32,2.69,4.31,40.5,0.19,0.12,46.62,19.12,1.44,0.66,7.61,5.82
00-0024221,Vernon Davis,TE,2018,WAS,13,0.88,0.07,0.1,0.18,1.92,2.77,28.23,0.15,0.0,32.0,12.92,1.23,1.46,5.82,
00-0024243,Marcedes Lewis,TE,2015,JAX,15,0.89,0.06,0.05,0.12,1.07,2.47,15.07,0.0,0.0,17.0,10.73,0.53,-1.29,2.57,4.29
00-0024243,Marcedes Lewis,TE,2016,JAX,10,1.22,0.05,0.03,0.09,2.0,3.0,16.9,0.1,0.0,13.9,10.6,0.9,-0.04,4.29,5.49
00-0024243,Marcedes Lewis,TE,2017,JAX,16,0.83,0.09,0.09,0.2,1.5,3.0,19.88,0.31,0.0,24.0,10.19,1.12,0.67,5.49,3.05
00-0024243,Marcedes Lewis,TE,2019,GB,12,1.43,0.04,0.02,0.07,1.25,1.58,13.0,0.08,0.0,9.08,6.83,0.67,0.5,3.05,3.52
00-0024243,Marcedes Lewis,TE,2020,GB,11,0.96,0.03,0.03,0.07,0.91,1.55,9.73,0.27,0.0,10.09,5.18,0.55,0.36,3.52,3.42
00-0024243,Marcedes Lewis,TE,2021,GB,13,2.08,0.05,0.02,0.09,1.77,2.15,16.46,0.0,0.08,7.92,11.08,0.77,0.66,3.42,
00-0024268,Anthony Fasano,TE,2015,TEN,14,1.05,0.08,0.06,0.16,1.86,3.0,20.64,0.14,0.0,19.64,10.79,1.14,0.57,4.78,2.36
00-0024268,Anthony Fasano,TE,2016,TEN,12,0.79,0.03,0.02,0.06,0.67,1.17,6.92,0.17,0.0,8.75,3.17,0.5,0.58,2.36,2.61
00-0024268,Anthony Fasano,TE,2017,MIA,11,0.9,0.03,0.02,0.06,1.09,1.45,9.73,0.09,0.09,10.82,3.36,0.55,-0.68,2.61,
00-0024313,Owen Daniels,TE,2015,DEN,16,0.98,0.13,0.1,0.26,2.88,4.81,32.31,0.19,0.0,33.0,16.56,1.69,0.23,7.23,
00-0024389,Delanie Walker,TE,2015,TEN,15,0.93,0.24,0.24,0.54,6.27,8.87,72.53,0.4,0.0,77.6,25.6,3.47,2.2,16.29,12.54
00-0024389,Delanie Walker,TE,2016,TEN,15,0.83,0.21,0.2,0.45,4.33,6.8,53.33,0.47,0.07,64.4,18.07,2.33,1.54,12.54,10.91
00-0024389,Delanie Walker,TE,2017,TEN,16,0.8,0.23,0.23,0.51,4.62,6.94,50.44,0.19,0.12,63.19,15.5,2.69,0.09,10.91,
00-0025418,Greg Olsen,TE,2015,CAR,16,0.85,0.25,0.25,0.55,4.81,7.75,69.0,0.44,0.06,80.75,21.5,3.25,2.72,14.21,12.96
00-0025418,Greg Olsen,TE,2016,CAR,16,0.76,0.23,0.25,0.52,5.0,8.06,67.06,0.19,0.0,87.88,22.0,3.38,1.49,12.96,8.9
00-0025418,Greg Olsen,TE,2018,CAR,9,0.86,0.07,0.08,0.16,3.0,4.22,32.33,0.44,0.0,37.44,9.33,2.0,2.42,8.9,8.84
00-0025418,Greg Olsen,TE,2019,CAR,14,0.81,0.14,0.14,0.3,3.71,5.86,42.64,0.14,0.0,52.71,14.36,2.43,0.66,8.84,4.9
00-0025418,Greg Olsen,TE,2020,SEA,11,0.83,0.07,0.06,0.15,2.18,3.36,21.73,0.09,0.0,26.27,4.45,1.45,0.19,4.9,
00-0025516,Scott Chandler,TE,2015,NE,12,0.6,0.07,0.09,0.16,1.92,3.5,21.58,0.33,0.0,35.75,6.0,1.17,0.88,6.08,
00-0025549,Brent Celek,TE,2015,PHI,12,1.33,0.06,0.07,0.13,2.25,2.92,33.17,0.25,0.08,24.92,14.08,1.75,1.84,7.07,2.95
00-0025549,Brent Celek,TE,2016,PHI,10,1.31,0.03,0.03,0.07,1.4,1.9,15.5,0.0,0.1,11.8,8.7,0.8,0.25,2.95,2.67
00-0025549,Brent Celek,TE,2017,PHI,12,0.96,0.04,0.03,0.08,1.08,2.0,10.83,0.08,0.0,11.25,7.08,0.58,0.25,2.67,
00-0026201,Martellus Bennett,TE,2015,CHI,11,0.97,0.15,0.1,0.3,4.82,7.27,39.91,0.27,0.18,41.0,20.73,2.18,-0.13,10.45,10.51
00-0026201,Martellus Bennett,TE,2016,NE,16,1.82,0.13,0.09,0.26,3.44,4.56,43.81,0.44,0.0,24.12,26.0,1.94,2.44,10.51,6.51
00-0026201,Martellus Bennett,TE,2017,NE,9,1.08,0.08,0.06,0.16,3.33,4.89,31.78,0.0,0.0,29.44,18.67,1.22,0.02,6.51,
00-0026225,Craig Stevens,TE,2015,TEN,10,1.0,0.03,0.02,0.06,1.2,1.6,12.1,0.2,0.0,12.1,4.1,0.5,0.6,3.61,
00-0026267,Jacob Tamme,TE,2015,ATL,15,1.03,0.13,0.13,0.29,3.93,5.4,43.8,0.07,0.0,42.67,13.07,2.07,1.02,8.71,7.62
00-0026267,Jacob Tamme,TE,2016,ATL,8,1.1,0.06,0.04,0.12,2.75,3.88,26.25,0.38,0.0,23.88,12.0,1.62,0.47,7.62,
00-0026281,Gary Barnidge,TE,2015,CLE,16,0.87,0.21,0.25,0.48,4.94,7.81,65.19,0.56,0.0,75.06,22.69,3.25,2.67,14.83,8.14
00-0026281,Gary Barnidge,TE,2016,CLE,16,1.07,0.15,0.12,0.3,3.44,5.12,38.25,0.12,0.0,35.88,15.0,2.12,1.84,8.14,
00-0026298,Kellen Davis,TE,2015,NYJ,13,0.2,0.02,0.02,0.04,0.23,0.85,1.38,0.08,0.0,6.77,0.77,0.15,-0.36,0.83,
00-0026957,David Johnson,TE,2016,PIT,11,1.4,0.02,0.01,0.04,0.64,1.0,7.27,0.0,0.0,5.18,4.91,0.45,-0.02,1.55,
00-0026996,Brandon Pettigrew,TE,2015,DET,8,0.99,0.02,0.02,0.05,0.88,1.88,8.38,0.12,0.0,8.5,4.75,0.5,-0.49,2.46,
00-0027061,Jared Cook,TE,2015,LA,16,0.76,0.16,0.17,0.36,2.44,4.69,30.06,0.0,0.12,39.75,12.5,1.19,-1.11,5.44,7.17
00-0027061,Jared Cook,TE,2016,GB,10,0.75,0.08,0.09,0.19,3.0,5.1,37.7,0.1,0.1,50.3,14.7,1.9,1.54,7.17,8.3
00-0027061,Jared Cook,TE,2017,LV,16,0.89,0.16,0.17,0.35,3.38,5.38,43.0,0.12,0.06,48.06,15.06,2.19,1.78,8.3,12.1
00-0027061,Jared Cook,TE,2018,LV,16,1.07,0.19,0.22,0.44,4.25,6.31,56.0,0.38,0.0,52.5,21.44,2.88,1.73,12.1,11.96
00-0027061,Jared Cook,TE,2019,NO,14,1.05,0.12,0.18,0.3,3.07,4.64,50.36,0.64,0.0,48.0,18.14,2.29,2.6,11.96,8.49
00-0027061,Jared Cook,TE,2020,NO,15,0.73,0.12,0.21,0.32,2.47,4.0,33.6,0.47,0.07,45.8,8.27,1.8,1.9,8.49,8.28
00-0027061,Jared Cook,TE,2021,LAC,16,0.82,0.13,0.13,0.28,3.0,5.19,35.25,0.25,0.0,42.81,14.88,1.94,0.39,8.28,
00-0027125,Zach Miller,TE,2015,CHI,13,1.41,0.09,0.07,0.18,2.62,3.54,33.77,0.38,0.0,24.0,17.08,1.31,1.84,8.3,11.96
00-0027125,Zach Miller,TE,2016,CHI,10,1.14,0.12,0.08,0.23,4.7,6.4,48.6,0.4,0.0,42.7,22.1,2.8,2.03,11.96,6.95
00-0027125,Zach Miller,TE,2017,CHI,8,0.79,0.07,0.09,0.17,2.5,4.38,29.5,0.25,0.0,37.25,9.0,1.25,-0.59,6.95,
00-0027135,Brandon Myers,TE,2016,TB,10,0.51,0.02,0.02,0.05,0.7,1.4,5.9,0.1,0.0,11.6,1.4,0.4,0.3,2.09,
00-0027139,John Phillips,TE,2015,LAC,9,1.44,0.02,0.01,0.03,1.11,1.22,7.67,0.11,0.0,5.33,2.67,0.67,0.6,2.54,2.58
00-0027139,John Phillips,TE,2016,NO,9,0.99,0.03,0.01,0.05,1.11,1.67,8.0,0.11,0.0,8.11,2.67,0.44,0.01,2.58,
00-0027215,Logan Paulsen,TE,2016,CHI,10,0.31,0.02,0.01,0.03,0.3,1.0,1.5,0.0,0.0,4.8,0.4,0.1,-1.36,0.45,3.01
00-0027215,Logan Paulsen,TE,2018,ATL,8,2.76,0.01,0.01,0.03,1.12,1.12,11.38,0.12,0.0,4.12,7.25,0.75,0.95,3.01,
00-0027321,Jeff Cumberland,TE,2015,NYJ,9,0.89,0.02,0.02,0.05,0.56,1.56,8.56,0.0,0.0,9.67,5.56,0.33,-0.23,1.41,
00-0027656,Rob Gronkowski,TE,2015,NE,15,0.98,0.19,0.24,0.46,4.8,8.0,78.4,0.73,0.0,80.27,36.93,3.47,4.35,17.04,12.12
00-0027656,Rob Gronkowski,TE,2016,NE,8,1.02,0.07,0.12,0.19,3.12,4.75,67.5,0.38,0.0,66.12,28.38,2.38,4.4,12.12,17.49
00-0027656,Rob Gronkowski,TE,2017,NE,13,0.89,0.18,0.23,0.43,5.31,8.08,83.38,0.62,0.08,93.31,26.54,4.38,5.74,17.49,10.09
00-0027656,Rob Gronkowski,TE,2018,NE,13,0.76,0.13,0.2,0.33,3.62,5.54,52.46,0.23,0.08,68.69,14.0,2.62,2.38,10.09,9.33
00-0027656,Rob Gronkowski,TE,2020,TB,16,0.74,0.13,0.15,0.3,2.81,4.81,38.94,0.44,0.06,52.81,15.38,1.81,1.44,9.33,14.27
00-0027656,Rob Gronkowski,TE,2021,TB,12,0.89,0.12,0.15,0.29,4.58,7.42,66.83,0.5,0.0,74.75,29.17,2.83,2.73,14.27,
00-0027675,Ed Dickson,TE,2015,CAR,16,0.66,0.05,0.04,0.1,1.06,1.62,7.56,0.12,0.0,11.38,3.31,0.62,0.25,2.57,2.26
00-0027675,Ed Dickson,TE,2016,CAR,13,0.8,0.03,0.03,0.07,0.77,1.46,10.31,0.08,0.0,12.92,5.31,0.54,-0.23,2.26,5.69
00-0027675,Ed Dickson,TE,2017,CAR,14,0.97,0.1,0.11,0.22,2.14,3.43,31.21,0.07,0.0,32.21,14.36,1.57,1.17,5.69,5.02
00-0027675,Ed Dickson,TE,2018,SEA,9,2.01,0.03,0.02,0.06,1.33,1.44,15.89,0.33,0.0,7.89,8.67,0.78,1.61,5.02,
00-0027696,Jimmy Graham,TE,2015,SEA,11,0.89,0.16,0.16,0.35,4.36,6.73,55.0,0.18,0.0,61.45,20.0,2.64,2.23,10.95,11.83
00-0027696,Jimmy Graham,TE,2016,SEA,16,1.04,0.17,0.18,0.39,4.06,5.94,57.69,0.38,0.12,55.25,20.31,2.81,2.33,11.83,10.69
00-0027696,Jimmy Graham,TE,2017,SEA,16,0.71,0.18,0.13,0.37,3.56,6.0,32.5,0.62,0.0,45.5,13.19,2.0,0.05,10.69,8.16
00-0027696,Jimmy Graham,TE,2018,GB,16,0.75,0.14,0.15,0.32,3.44,5.56,39.75,0.12,0.0,52.94,16.31,2.0,0.87,8.16,6.29
00-0027696,Jimmy Graham,TE,2019,GB,16,0.84,0.11,0.11,0.24,2.38,3.75,27.94,0.19,0.06,33.31,15.38,1.44,0.83,6.29,8.98
00-0027696,Jimmy Graham,TE,2020,CHI,16,0.88,0.13,0.11,0.27,3.12,4.75,28.5,0.5,0.06,32.44,12.38,2.0,0.5,8.98,4.61
00-0027696,Jimmy Graham,TE,2021,CHI,11,0.91,0.04,0.04,0.09,1.27,2.09,15.18,0.27,0.0,16.73,5.0,0.91,1.16,4.61,
00-0027714,Dennis Pitta,TE,2016,BAL,16,0.98,0.18,0.15,0.38,5.38,7.56,45.56,0.12,0.06,46.56,18.44,2.31,-1.01,10.56,
00-0027718,Garrett Graham,TE,2015,HOU,8,0.15,0.03,0.03,0.07,0.5,2.38,3.75,0.12,0.0,25.75,1.12,0.12,-1.18,1.62,
00-0027725,Clay Harbor,TE,2015,JAX,10,1.27,0.03,0.02,0.06,1.4,2.0,14.9,0.1,0.0,11.7,5.6,0.9,0.45,3.69,
00-0027732,Michael Hoomanawanui,TE,2015,NO,10,0.99,0.02,0.01,0.05,1.1,1.6,7.6,0.3,0.1,7.7,2.5,0.4,-0.24,3.46,1.91
00-0027732,Michael Hoomanawanui,TE,2017,NO,9,0.73,0.02,0.02,0.04,0.67,1.11,5.78,0.11,0.0,7.89,3.0,0.22,-0.14,1.91,
00-0027825,Jim Dray,TE,2015,CLE,11,0.48,0.03,0.03,0.06,0.55,1.45,5.55,0.0,0.0,11.55,3.09,0.27,-0.05,1.1,
00-0027873,Jermaine Gresham,TE,2015,ARI,14,0.86,0.06,0.04,0.12,1.29,2.29,15.93,0.07,0.0,18.57,5.29,0.93,0.33,3.31,5.51
00-0027873,Jermaine Gresham,TE,2016,ARI,16,0.87,0.1,0.07,0.19,2.31,3.81,24.44,0.12,0.06,28.25,8.62,1.25,0.57,5.51,5.51
00-0027873,Jermaine Gresham,TE,2017,ARI,14,1.09,0.08,0.05,0.15,2.36,3.29,23.0,0.14,0.0,21.14,9.71,1.21,0.08,5.51,2.05
00-0027873,Jermaine Gresham,TE,2018,ARI,8,3.92,0.03,0.01,0.04,1.12,1.5,11.75,0.0,0.12,3.0,9.38,0.75,0.33,2.05,
00-0027981,Kyle Rudolph,TE,2015,MIN,16,0.81,0.16,0.19,0.38,3.06,4.56,30.94,0.31,0.0,38.0,12.69,1.56,0.33,8.03,13.06
00-0027981,Kyle Rudolph,TE,2016,MIN,16,0.98,0.23,0.22,0.49,5.19,8.25,52.5,0.44,0.0,53.5,22.44,3.12,1.91,13.06,9.89
00-0027981,Kyle Rudolph,TE,2017,MIN,16,0.89,0.16,0.15,0.34,3.56,5.06,33.25,0.5,0.0,37.5,14.0,2.0,1.08,9.89,9.46
00-0027981,Kyle Rudolph,TE,2018,MIN,16,1.22,0.14,0.12,0.29,4.0,5.12,39.62,0.25,0.0,32.56,15.56,2.0,1.51,9.46,7.58
00-0027981,Kyle Rudolph,TE,2019,MIN,15,1.19,0.11,0.09,0.22,2.6,3.2,24.47,0.4,0.0,20.53,12.67,1.6,1.57,7.58,5.45
00-0027981,Kyle Rudolph,TE,2020,MIN,12,1.28,0.08,0.06,0.16,2.33,3.08,27.83,0.08,0.08,21.75,13.67,1.33,0.64,5.45,3.98
00-0027981,Kyle Rudolph,TE,2021,NYG,15,1.07,0.07,0.06,0.14,1.73,2.6,17.13,0.07,0.0,16.0,9.13,0.8,0.55,3.98,
00-0027985,Lance Kendricks,TE,2015,LA,14,1.03,0.09,0.06,0.17,1.79,2.86,17.5,0.14,0.0,17.0,9.21,0.79,-0.29,4.39,6.87
00-0027985,Lance Kendricks,TE,2016,LA,16,1.15,0.16,0.11,0.32,3.12,5.44,31.19,0.12,0.06,27.06,17.25,1.38,-0.59,6.87,3.16
00-0027985,Lance Kendricks,TE,2017,GB,14,0.78,0.06,0.06,0.14,1.29,2.5,14.5,0.07,0.0,18.57,6.36,0.57,-1.19,3.16,3.0
00-0027985,Lance Kendricks,TE,2018,GB,14,1.21,0.04,0.02,0.08,1.36,1.79,12.14,0.07,0.0,10.07,8.0,0.64,0.53,3.0,
00-0028040,Jordan Cameron,TE,2015,MIA,16,0.53,0.12,0.14,0.28,2.19,4.38,24.12,0.19,0.06,45.62,5.12,1.31,-0.37,5.72,
00-0028042,Luke Stocker,TE,2015,TB,8,1.91,0.02,0.01,0.04,1.12,1.62,7.62,0.12,0.0,4.0,4.88,0.38,0.14,2.64,3.62
00-0028042,Luke Stocker,TE,2018,TEN,12,1.01,0.05,0.05,0.11,1.25,1.75,13.75,0.17,0.0,13.58,5.33,0.83,1.06,3.62,1.11
00-0028042,Luke Stocker,TE,2019,ATL,12,0.88,0.02,0.01,0.04,0.67,1.17,4.42,0.0,0.08,5.0,3.0,0.17,-1.01,1.11,1.21
00-0028042,Luke Stocker,TE,2020,ATL,11,3.0,0.02,0.0,0.03,0.64,1.0,5.73,0.0,0.0,1.91,4.73,0.36,0.1,1.21,
00-0028067,Julius Thomas,TE,2015,JAX,12,0.67,0.13,0.12,0.28,3.83,6.67,37.92,0.42,0.0,56.5,12.08,2.08,-0.18,10.12,9.12
00-0028067,Julius Thomas,TE,2016,JAX,9,0.77,0.08,0.07,0.17,3.33,5.67,31.22,0.44,0.0,40.33,10.56,1.67,0.17,9.12,6.99
00-0028067,Julius Thomas,TE,2017,MIA,14,0.81,0.11,0.1,0.23,2.93,4.43,27.71,0.21,0.07,34.29,10.36,1.29,-0.31,6.99,
00-0028093,Niles Paul,TE,2017,WAS,11,0.84,0.04,0.03,0.07,1.18,1.73,8.55,0.0,0.0,10.18,2.82,0.36,0.11,2.07,
00-0028097,Lee Smith,TE,2015,LV,13,3.5,0.02,0.0,0.04,0.92,1.0,5.38,0.08,0.0,1.54,4.38,0.31,0.11,1.92,1.56
00-0028097,Lee Smith,TE,2017,LV,10,1.33,0.02,0.01,0.04,0.8,1.1,7.6,0.0,0.0,5.7,3.2,0.4,0.23,1.56,3.92
00-0028097,Lee Smith,TE,2018,LV,9,3.65,0.02,0.01,0.03,1.11,1.22,8.11,0.33,0.0,2.22,6.11,0.56,1.0,3.92,1.64
00-0028097,Lee Smith,TE,2019,BUF,8,0.97,0.01,0.01,0.02,0.5,0.62,3.88,0.12,0.0,4.0,1.12,0.25,0.4,1.64,2.15
00-0028097,Lee Smith,TE,2021,ATL,10,1.71,0.02,0.01,0.04,0.9,1.1,6.5,0.1,0.0,3.8,3.1,0.3,0.27,2.15,
00-0028112,Charles Clay,TE,2015,BUF,13,0.91,0.17,0.12,0.34,3.92,5.92,40.62,0.23,0.08,44.54,18.23,2.0,0.89,9.37,9.08
00-0028112,Charles Clay,TE,2016,BUF,15,0.8,0.19,0.15,0.39,3.8,5.8,36.8,0.27,0.0,46.27,12.8,1.47,1.18,9.08,8.98
00-0028112,Charles Clay,TE,2017,BUF,13,1.09,0.16,0.12,0.32,3.77,5.69,42.92,0.15,0.08,39.38,20.38,2.23,0.66,8.98,3.4
00-0028112,Charles Clay,TE,2018,BUF,11,0.63,0.08,0.06,0.15,1.91,3.27,16.73,0.0,0.09,26.36,6.45,1.0,-1.39,3.4,3.18
00-0028112,Charles Clay,TE,2019,ARI,15,1.56,0.05,0.04,0.09,1.2,1.6,15.8,0.07,0.0,10.13,6.33,0.8,0.71,3.18,
00-0028142,Virgil Green,TE,2015,DEN,13,2.44,0.02,0.01,0.05,0.92,1.15,13.31,0.08,0.0,5.46,9.31,0.69,1.22,2.72,5.17
00-0028142,Virgil Green,TE,2016,DEN,10,0.93,0.07,0.05,0.14,2.2,3.7,23.7,0.1,0.0,25.4,10.1,1.3,0.83,5.17,3.55
00-0028142,Virgil Green,TE,2017,DEN,11,1.09,0.04,0.04,0.09,1.27,2.0,17.36,0.09,0.0,15.91,8.36,0.64,0.3,3.55,3.29
00-0028142,Virgil Green,TE,2018,LAC,14,1.44,0.05,0.04,0.11,1.36,1.93,15.0,0.07,0.0,10.43,7.29,0.71,0.74,3.29,1.9
00-0028142,Virgil Green,TE,2019,LAC,12,1.24,0.02,0.01,0.04,0.75,1.08,6.5,0.08,0.0,5.25,3.25,0.33,0.32,1.9,
00-0028838,Larry Donnell,TE,2015,NYG,8,0.9,0.07,0.05,0.14,3.62,5.12,27.88,0.25,0.0,30.88,10.75,1.62,0.07,7.91,
00-0028903,Garrett Celek,TE,2015,SF,10,1.06,0.05,0.04,0.11,1.9,2.8,18.6,0.3,0.0,17.5,9.8,1.0,1.28,5.56,5.71
00-0028903,Garrett Celek,TE,2016,SF,14,0.76,0.1,0.12,0.23,2.07,3.57,25.0,0.21,0.14,33.07,8.21,1.43,0.48,5.71,5.61
00-0028903,Garrett Celek,TE,2017,SF,14,1.23,0.06,0.06,0.12,1.5,2.36,24.0,0.29,0.0,19.5,12.29,1.07,0.84,5.61,3.25
00-0028903,Garrett Celek,TE,2018,SF,8,1.0,0.02,0.02,0.04,0.62,1.0,11.25,0.25,0.0,11.25,5.38,0.62,-0.39,3.25,
00-0028958,Cory Harkey,TE,2015,LA,9,6.5,0.01,0.0,0.02,0.56,0.67,2.89,0.0,0.0,0.44,2.44,0.22,0.11,0.84,
00-0028987,Phillip Supernaw,TE,2015,TEN,10,1.14,0.01,0.01,0.02,0.3,0.4,3.2,0.0,0.1,2.8,1.3,0.1,-0.61,0.42,1.54
00-0028987,Phillip Supernaw,TE,2017,TEN,9,1.15,0.01,0.01,0.02,0.44,0.67,4.33,0.11,0.0,3.78,1.67,0.22,-0.63,1.54,
00-0029119,Derek Carrier,TE,2015,WAS,12,1.04,0.04,0.03,0.08,1.42,1.83,11.75,0.08,0.0,11.33,6.42,0.33,0.15,3.09,1.68
00-0029119,Derek Carrier,TE,2017,LA,9,2.29,0.02,0.01,0.04,0.89,1.22,7.89,0.0,0.0,3.44,5.56,0.44,-0.15,1.68,1.97
00-0029119,Derek Carrier,TE,2018,LV,10,0.64,0.02,0.03,0.05,0.7,1.2,6.7,0.1,0.0,10.5,1.6,0.3,-0.18,1.97,2.95
00-0029119,Derek Carrier,TE,2019,LV,11,0.65,0.04,0.05,0.09,1.18,1.73,9.82,0.09,0.0,15.0,4.64,0.36,0.42,2.95,
00-0029275,Ladarius Green,TE,2015,LAC,13,0.88,0.1,0.1,0.21,2.85,4.85,33.0,0.31,0.0,37.31,17.08,1.85,1.72,8.3,
00-0029391,Sean McGrath,TE,2016,LAC,9,6.25,0.0,0.0,0.01,0.22,0.22,2.78,0.0,0.0,0.44,2.33,0.22,0.25,0.5,
00-0029414,Orson Charles,TE,2018,CLE,10,1.35,0.01,0.0,0.02,0.3,0.5,2.3,0.0,0.0,1.7,2.4,0.0,0.04,0.53,
00-0029587,Rhett Ellison,TE,2015,MIN,12,4.43,0.04,0.01,0.07,0.92,1.58,10.33,0.08,0.0,2.33,10.5,0.42,0.14,2.45,1.89
00-0029587,Rhett Ellison,TE,2016,MIN,11,1.36,0.02,0.01,0.04,0.82,1.27,5.18,0.0,0.0,3.82,3.09,0.18,-0.32,1.89,4.25
00-0029587,Rhett Ellison,TE,2017,NYG,14,1.44,0.05,0.04,0.11,1.71,2.29,16.79,0.14,0.0,11.64,9.36,0.93,0.89,4.25,4.63
00-0029587,Rhett Ellison,TE,2018,NYG,13,1.27,0.06,0.05,0.12,1.92,2.62,20.92,0.08,0.0,16.54,10.0,1.0,1.04,4.63,4.07
00-0029587,Rhett Ellison,TE,2019,NYG,10,1.14,0.05,0.03,0.09,1.8,2.8,16.7,0.1,0.0,14.6,8.3,0.4,-0.73,4.07,
00-0029601,Brandon Bostick,TE,2016,NYJ,9,2.33,0.02,0.01,0.03,0.89,1.22,7.0,0.0,0.0,3.0,4.33,0.22,-0.06,1.59,
00-0029634,James Hanna,TE,2015,DAL,10,1.32,0.03,0.01,0.05,0.9,1.4,7.9,0.0,0.0,6.0,7.7,0.4,-0.23,1.69,1.88
00-0029634,James Hanna,TE,2017,DAL,10,1.0,0.02,0.02,0.04,0.4,0.9,8.8,0.1,0.0,8.8,2.9,0.4,0.49,1.88,
00-0029689,Dwayne Allen,TE,2015,IND,13,0.62,0.05,0.03,0.1,1.23,2.23,8.38,0.08,0.0,13.54,3.85,0.31,-0.21,2.54,8.11
00-0029689,Dwayne Allen,TE,2016,IND,14,0.87,0.09,0.1,0.2,2.5,3.71,29.0,0.43,0.07,33.43,8.43,1.86,1.79,8.11,2.05
00-0029689,Dwayne Allen,TE,2017,NE,12,0.55,0.04,0.03,0.08,0.83,1.83,7.17,0.08,0.0,13.08,5.33,0.42,-0.09,2.05,
00-0029697,Coby Fleener,TE,2015,IND,15,0.73,0.14,0.13,0.3,3.6,5.6,32.73,0.2,0.0,44.73,11.87,1.53,-0.76,8.21,8.58
00-0029697,Coby Fleener,TE,2016,NO,16,0.83,0.12,0.16,0.29,3.12,5.06,39.44,0.19,0.12,47.25,13.25,1.75,0.71,8.58,5.77
00-0029697,Coby Fleener,TE,2017,NO,11,1.29,0.06,0.07,0.13,2.0,2.73,26.82,0.18,0.0,20.82,10.09,1.18,1.66,5.77,
00-0029738,Darren Fells,TE,2015,ARI,12,1.25,0.05,0.04,0.1,1.75,2.33,25.92,0.25,0.0,20.67,11.67,1.25,1.88,5.84,3.93
00-0029738,Darren Fells,TE,2016,ARI,9,1.45,0.03,0.02,0.05,1.56,2.0,17.11,0.11,0.0,11.78,10.0,0.78,0.77,3.93,3.76
00-0029738,Darren Fells,TE,2017,DET,14,1.53,0.05,0.03,0.09,1.21,1.86,12.64,0.21,0.0,8.29,8.71,0.86,0.72,3.76,4.07
00-0029738,Darren Fells,TE,2018,CLE,10,2.05,0.02,0.01,0.04,1.1,1.2,11.7,0.3,0.0,5.7,6.6,0.6,1.13,4.07,7.34
00-0029738,Darren Fells,TE,2019,HOU,15,1.32,0.09,0.05,0.18,2.27,3.2,22.73,0.47,0.0,17.2,11.2,1.47,1.48,7.34,6.35
00-0029738,Darren Fells,TE,2020,HOU,12,1.57,0.05,0.04,0.11,1.75,2.33,26.0,0.33,0.0,16.58,14.75,1.33,1.9,6.35,
00-0029793,Brandon Williams,TE,2017,IND,10,1.39,0.04,0.02,0.07,1.3,1.7,12.1,0.0,0.0,8.7,7.8,0.4,0.34,2.51,
00-0029878,MarQueis Gray,TE,2016,MIA,10,1.4,0.04,0.03,0.08,1.4,1.7,17.4,0.0,0.0,12.4,6.9,0.7,0.83,3.14,
00-0029910,Timothy Wright,TE,2015,DET,8,0.61,0.03,0.03,0.06,1.12,2.0,9.62,0.25,0.0,15.88,3.12,0.75,-0.07,3.59,
00-0030061,Zach Ertz,TE,2015,PHI,15,0.9,0.18,0.22,0.43,5.0,7.47,56.87,0.13,0.07,63.2,19.87,2.6,0.43,11.35,13.11
00-0030061,Zach Ertz,TE,2016,PHI,14,0.96,0.18,0.19,0.39,5.57,7.57,58.29,0.29,0.0,60.86,18.79,3.0,1.87,13.11,14.46
00-0030061,Zach Ertz,TE,2017,PHI,14,0.96,0.2,0.16,0.41,5.29,7.86,58.86,0.57,0.07,61.57,17.36,3.29,1.9,14.46,17.52
00-0030061,Zach Ertz,TE,2018,PHI,16,1.03,0.26,0.25,0.57,7.25,9.75,72.69,0.5,0.06,70.62,22.06,4.12,1.2,17.52,14.37
00-0030061,Zach Ertz,TE,2019,PHI,15,0.78,0.22,0.24,0.5,5.87,9.0,61.07,0.4,0.07,78.6,17.0,3.33,2.35,14.37,7.05
00-0030061,Zach Ertz,TE,2020,PHI,11,0.62,0.13,0.1,0.26,3.27,6.55,30.45,0.09,0.0,48.73,8.0,1.45,-1.66,7.05,10.63
00-0030061,Zach Ertz,TE,2021,ARI,17,0.9,0.24,0.2,0.5,4.35,6.59,44.88,0.29,0.0,49.65,20.0,2.35,0.55,10.63,11.56
00-0030061,Zach Ertz,TE,2022,ARI,10,0.74,0.11,0.12,0.25,4.7,6.9,40.6,0.4,0.0,54.8,13.0,2.4,0.84,11.56,10.44
00-0030061,Zach Ertz,TE,2024,WAS,17,0.95,0.18,0.17,0.39,3.88,5.35,38.47,0.41,0.06,40.35,11.0,2.24,1.82,10.44,
00-0030089,Luke Willson,TE,2015,SEA,13,1.01,0.06,0.05,0.12,1.31,2.0,16.38,0.08,0.0,16.23,7.23,0.85,0.6,3.41,3.99
00-0030089,Luke Willson,TE,2016,SEA,10,0.88,0.04,0.03,0.08,1.5,2.1,12.9,0.2,0.0,14.7,7.5,0.7,0.39,3.99,3.88
00-0030089,Luke Willson,TE,2017,SEA,14,0.99,0.04,0.03,0.08,1.07,1.57,10.93,0.29,0.0,11.07,6.43,0.57,-0.31,3.88,2.17
00-0030089,Luke Willson,TE,2018,DET,10,1.23,0.03,0.02,0.06,1.3,1.9,8.7,0.0,0.0,7.1,5.8,0.5,-0.79,2.17,
00-0030108,Ryan Griffin,TE,2015,HOU,9,0.88,0.06,0.05,0.12,2.22,3.78,27.89,0.22,0.0,31.78,10.89,1.44,1.45,6.34,6.51
00-0030108,Ryan Griffin,TE,2016,HOU,16,0.91,0.13,0.1,0.26,3.12,4.62,27.62,0.12,0.06,30.25,10.5,1.19,-0.02,6.51,4.19
00-0030108,Ryan Griffin,TE,2018,HOU,13,0.95,0.09,0.07,0.18,1.85,3.31,23.46,0.0,0.0,24.69,11.54,1.15,0.05,4.19,7.54
00-0030108,Ryan Griffin,TE,2019,NYJ,13,1.43,0.08,0.05,0.16,2.62,3.15,24.62,0.38,0.0,17.15,14.0,1.46,1.34,7.54,1.76
00-0030108,Ryan Griffin,TE,2020,NYJ,10,1.37,0.03,0.01,0.05,0.9,1.2,8.6,0.0,0.0,6.3,4.9,0.4,0.23,1.76,4.65
00-0030108,Ryan Griffin,TE,2021,NYJ,14,1.17,0.07,0.05,0.14,1.93,3.0,18.64,0.14,0.07,15.93,10.64,1.0,0.21,4.65,0.66
00-0030108,Ryan Griffin,TE,2022,CHI,10,0.49,0.02,0.02,0.04,0.4,0.8,2.6,0.0,0.0,5.3,0.9,0.1,-0.79,0.66,
00-0030110,Michael Williams,TE,2015,NE,9,0.84,0.01,0.01,0.02,0.33,0.67,2.89,0.0,0.0,3.44,1.44,0.11,-0.05,0.62,
00-0030155,Demetrius Harris,TE,2015,KC,8,0.91,0.02,0.03,0.05,0.88,1.38,9.25,0.12,0.0,10.12,2.75,0.25,0.45,2.55,2.66
00-0030155,Demetrius Harris,TE,2016,KC,14,0.62,0.06,0.05,0.12,1.21,2.21,8.79,0.07,0.07,14.21,2.93,0.71,-0.06,2.66,3.57
00-0030155,Demetrius Harris,TE,2017,KC,13,0.86,0.07,0.06,0.14,1.38,2.69,17.23,0.08,0.0,20.08,9.92,0.85,0.41,3.57,3.09
00-0030155,Demetrius Harris,TE,2018,KC,15,0.85,0.04,0.04,0.09,0.8,1.67,10.93,0.2,0.0,12.87,5.0,0.6,0.06,3.09,3.56
00-0030155,Demetrius Harris,TE,2019,CLE,14,0.88,0.05,0.04,0.1,1.07,1.93,10.64,0.21,0.0,12.14,4.86,0.71,0.72,3.56,1.05
00-0030155,Demetrius Harris,TE,2020,CHI,11,0.49,0.02,0.02,0.05,0.64,1.27,4.09,0.0,0.0,8.36,2.27,0.18,-0.71,1.05,0.4
00-0030155,Demetrius Harris,TE,2021,ARI,10,0.45,0.01,0.0,0.02,0.3,0.6,1.0,0.0,0.0,2.2,1.3,0.0,-0.58,0.4,
00-0030181,Jack Doyle,TE,2015,IND,10,3.27,0.02,0.0,0.04,1.2,1.4,7.2,0.1,0.0,2.2,5.6,0.6,0.46,2.52,9.09
00-0030181,Jack Doyle,TE,2016,IND,16,1.25,0.13,0.1,0.26,3.69,4.69,36.5,0.31,0.06,29.19,15.38,2.06,1.01,9.09,11.27
00-0030181,Jack Doyle,TE,2017,IND,15,1.29,0.23,0.14,0.44,5.33,7.2,46.0,0.27,0.13,35.53,22.47,2.27,0.17,11.27,6.99
00-0030181,Jack Doyle,TE,2019,IND,16,0.91,0.15,0.12,0.3,2.69,4.5,28.0,0.25,0.06,30.69,13.5,1.81,0.16,6.99,4.93
00-0030181,Jack Doyle,TE,2020,IND,13,1.1,0.06,0.06,0.13,1.77,2.54,19.31,0.23,0.08,17.62,7.0,1.0,0.92,4.93,5.28
00-0030181,Jack Doyle,TE,2021,IND,15,1.06,0.09,0.07,0.18,1.93,2.87,20.13,0.2,0.0,19.0,8.33,1.2,0.79,5.28,
00-0030216,Josh Hill,TE,2015,NO,14,0.83,0.05,0.03,0.09,1.14,2.14,8.57,0.14,0.0,10.36,5.43,0.57,0.1,2.86,4.49
00-0030216,Josh Hill,TE,2016,NO,8,1.21,0.03,0.03,0.07,1.88,2.75,18.62,0.12,0.0,15.38,9.62,0.75,0.33,4.49,2.48
00-0030216,Josh Hill,TE,2017,NO,12,1.45,0.04,0.03,0.08,1.33,1.83,10.42,0.08,0.17,7.17,7.33,0.33,-1.15,2.48,3.38
00-0030216,Josh Hill,TE,2018,NO,12,2.53,0.05,0.02,0.08,1.33,2.0,15.42,0.08,0.0,6.08,14.17,0.92,0.49,3.38,4.69
00-0030216,Josh Hill,TE,2019,NO,14,1.31,0.06,0.05,0.13,1.79,2.5,16.14,0.21,0.0,12.36,11.36,0.93,0.6,4.69,2.07
00-0030216,Josh Hill,TE,2020,NO,9,1.02,0.02,0.01,0.04,0.89,1.11,5.11,0.11,0.11,5.0,4.11,0.44,0.27,2.07,
00-0030422,Dion Sims,TE,2015,MIA,13,0.81,0.04,0.03,0.09,1.38,1.92,9.77,0.08,0.08,12.08,6.23,0.54,-0.58,2.67,5.82
00-0030422,Dion Sims,TE,2016,MIA,13,1.17,0.07,0.06,0.15,2.0,2.69,19.69,0.31,0.0,16.85,10.0,1.08,0.88,5.82,3.25
00-0030422,Dion Sims,TE,2017,CHI,12,0.7,0.06,0.07,0.14,1.25,2.42,15.0,0.08,0.0,21.42,5.58,0.75,-0.36,3.25,
00-0030443,Levine Toilolo,TE,2015,ATL,11,0.92,0.02,0.01,0.04,0.64,1.09,4.0,0.0,0.0,4.36,1.82,0.27,-0.03,1.22,3.95
00-0030443,Levine Toilolo,TE,2016,ATL,13,1.62,0.04,0.04,0.08,1.0,1.46,20.31,0.15,0.0,12.54,11.31,0.85,1.37,3.95,3.02
00-0030443,Levine Toilolo,TE,2017,ATL,10,1.44,0.03,0.02,0.05,1.2,1.4,12.2,0.1,0.0,8.5,6.3,0.5,0.97,3.02,4.85
00-0030443,Levine Toilolo,TE,2018,DET,11,1.46,0.04,0.05,0.1,1.91,2.18,23.91,0.09,0.0,16.36,10.0,1.45,1.8,4.85,
00-0030470,Vance McDonald,TE,2015,SF,14,0.85,0.09,0.1,0.2,2.14,3.29,23.29,0.21,0.14,27.5,13.14,1.07,-0.03,5.76,8.71
00-0030470,Vance McDonald,TE,2016,SF,10,0.89,0.09,0.11,0.22,2.4,4.5,39.1,0.4,0.0,43.9,20.7,1.3,1.65,8.71,3.88
00-0030470,Vance McDonald,TE,2017,PIT,10,0.94,0.04,0.04,0.09,1.4,2.4,18.8,0.1,0.0,19.9,8.8,1.0,0.33,3.88,8.87
00-0030470,Vance McDonald,TE,2018,PIT,15,1.61,0.11,0.07,0.21,3.33,4.8,40.67,0.27,0.13,25.33,25.8,2.2,1.84,8.87,5.96
00-0030470,Vance McDonald,TE,2019,PIT,14,0.98,0.11,0.07,0.22,2.71,3.93,19.5,0.21,0.07,19.86,12.29,0.86,-0.81,5.96,2.49
00-0030470,Vance McDonald,TE,2020,PIT,10,2.68,0.03,0.01,0.05,1.5,2.0,9.9,0.0,0.0,3.7,7.9,0.4,-0.29,2.49,
00-0030472,Jordan Reed,TE,2015,WAS,14,1.27,0.21,0.17,0.43,6.21,8.14,68.0,0.79,0.21,53.71,33.43,3.86,3.89,17.44,14.05
00-0030472,Jordan Reed,TE,2016,WAS,12,1.07,0.15,0.12,0.31,5.5,7.42,57.17,0.5,0.08,53.67,22.0,3.42,2.48,14.05,9.22
00-0030472,Jordan Reed,TE,2018,WAS,13,0.97,0.17,0.14,0.35,4.15,6.46,42.92,0.15,0.08,44.23,17.77,2.0,-0.09,9.22,7.31
00-0030472,Jordan Reed,TE,2020,SF,10,0.62,0.08,0.1,0.19,2.6,4.6,23.1,0.4,0.0,37.0,8.4,1.6,0.43,7.31,
00-0030506,Travis Kelce,TE,2015,KC,16,1.48,0.22,0.19,0.46,4.5,6.44,54.69,0.31,0.12,37.0,32.75,2.5,1.64,11.84,13.94
00-0030506,Travis Kelce,TE,2016,KC,16,1.43,0.22,0.21,0.47,5.31,7.31,70.31,0.25,0.0,49.06,39.56,3.44,4.42,13.94,15.57
00-0030506,Travis Kelce,TE,2017,KC,15,0.88,0.23,0.28,0.54,5.53,8.13,69.2,0.53,0.0,79.07,27.07,3.67,3.5,15.57,18.41
00-0030506,Travis Kelce,TE,2018,KC,16,0.97,0.27,0.26,0.58,6.44,9.38,83.5,0.62,0.12,85.94,35.5,4.25,4.33,18.41,15.89
00-0030506,Travis Kelce,TE,2019,KC,16,1.0,0.24,0.25,0.54,6.06,8.5,76.81,0.31,0.06,76.5,25.62,4.12,3.92,15.89,20.85
00-0030506,Travis Kelce,TE,2020,KC,15,1.14,0.24,0.24,0.53,7.0,9.67,94.4,0.73,0.07,82.87,39.13,5.27,5.01,20.85,16.42
00-0030506,Travis Kelce,TE,2021,KC,16,1.13,0.21,0.2,0.46,5.75,8.38,70.31,0.56,0.06,62.12,35.25,3.94,3.18,16.42,18.61
00-0030506,Travis Kelce,TE,2022,KC,17,1.25,0.25,0.23,0.53,6.47,8.94,78.71,0.71,0.06,63.18,38.65,4.59,3.88,18.61,14.63
00-0030506,Travis Kelce,TE,2023,KC,15,1.22,0.2,0.2,0.44,6.2,8.07,65.6,0.33,0.07,53.8,31.33,3.4,3.2,14.63,12.21
00-0030506,Travis Kelce,TE,2024,KC,16,0.93,0.23,0.23,0.51,6.06,8.31,51.44,0.19,0.12,55.19,21.31,2.94,1.29,12.21,
00-0030514,Mychal Rivera,TE,2015,LV,15,0.8,0.08,0.07,0.17,2.13,3.07,18.67,0.07,0.13,23.2,8.33,0.8,0.44,4.4,4.32
00-0030514,Mychal Rivera,TE,2016,LV,10,0.85,0.04,0.05,0.1,1.8,2.5,19.2,0.1,0.0,22.5,6.2,1.1,0.59,4.32,
00-0030544,Gavin Escobar,TE,2015,DAL,8,0.81,0.03,0.02,0.05,1.0,1.62,8.0,0.12,0.12,9.88,3.38,0.62,-0.4,2.3,
00-0030549,Tyler Eifert,TE,2015,CIN,13,1.1,0.15,0.13,0.31,4.0,5.69,47.31,1.0,0.0,42.85,17.92,2.92,4.0,14.73,12.3
00-0030549,Tyler Eifert,TE,2016,CIN,8,1.07,0.09,0.08,0.19,3.62,5.88,49.25,0.62,0.0,45.88,16.5,2.88,3.09,12.3,6.66
00-0030549,Tyler Eifert,TE,2019,CIN,16,0.84,0.11,0.1,0.23,2.69,3.94,27.25,0.19,0.0,32.56,7.0,1.5,1.52,6.66,5.53
00-0030549,Tyler Eifert,TE,2020,JAX,15,0.69,0.1,0.1,0.23,2.4,4.0,23.27,0.13,0.0,33.53,6.8,1.47,-0.08,5.53,
00-0030710,Trey Burton,TE,2015,PHI,12,2.0,0.01,0.01,0.01,0.25,0.33,4.5,0.0,0.0,2.25,2.58,0.08,0.16,0.7,5.41
00-0030710,Trey Burton,TE,2016,PHI,14,0.74,0.1,0.1,0.22,2.64,4.29,23.36,0.07,0.0,31.57,9.79,1.43,0.26,5.41,5.7
00-0030710,Trey Burton,TE,2017,PHI,14,0.81,0.06,0.06,0.12,1.64,2.21,17.71,0.36,0.0,22.0,2.5,1.0,1.43,5.7,9.19
00-0030710,Trey Burton,TE,2018,CHI,16,0.91,0.15,0.14,0.32,3.38,4.75,35.56,0.38,0.06,38.94,11.88,1.81,0.9,9.19,2.8
00-0030710,Trey Burton,TE,2019,CHI,8,0.7,0.04,0.03,0.08,1.75,3.0,10.5,0.0,0.0,15.0,4.5,0.62,-1.08,2.8,6.94
00-0030710,Trey Burton,TE,2020,IND,12,0.73,0.09,0.09,0.19,2.33,3.92,20.83,0.25,0.0,28.42,7.25,1.17,-0.33,6.94,
00-0030780,Ryan Hewitt,TE,2015,CIN,9,1.34,0.02,0.02,0.05,0.89,1.33,11.0,0.0,0.0,8.22,6.56,0.33,0.51,1.99,
00-0030854,Erik Swoope,TE,2016,IND,12,1.17,0.04,0.05,0.09,1.25,1.83,24.75,0.08,0.0,21.08,11.17,1.0,1.76,4.23,
00-0030992,Crockett Gillmore,TE,2015,BAL,10,1.19,0.07,0.07,0.15,3.3,4.7,41.2,0.4,0.0,34.5,24.5,1.7,1.5,9.82,
00-0031035,Xavier Grimble,TE,2016,PIT,8,0.82,0.04,0.03,0.07,1.38,2.62,14.75,0.25,0.0,18.0,4.75,1.0,-0.01,4.35,1.78
00-0031035,Xavier Grimble,TE,2017,PIT,8,0.46,0.02,0.01,0.03,0.62,1.12,4.0,0.12,0.0,8.62,2.0,0.25,-0.35,1.78,1.58
00-0031035,Xavier Grimble,TE,2018,PIT,8,1.54,0.01,0.01,0.03,0.75,1.0,10.75,0.0,0.12,7.0,7.0,0.62,0.09,1.58,
00-0031044,Troy Niklas,TE,2017,ARI,11,0.73,0.04,0.03,0.08,1.0,2.09,12.0,0.09,0.0,16.45,5.09,0.55,0.17,2.75,
00-0031167,Scott Simonson,TE,2018,NYG,10,1.3,0.02,0.02,0.05,0.9,1.4,8.6,0.1,0.0,6.6,3.1,0.6,-0.99,2.36,
00-0031260,Logan Thomas,TE,2018,BUF,9,0.57,0.04,0.03,0.07,1.33,1.89,8.56,0.0,0.0,15.0,3.78,0.33,0.22,2.26,2.62
00-0031260,Logan Thomas,TE,2019,DET,15,0.81,0.05,0.04,0.1,1.07,1.87,11.53,0.07,0.0,14.27,5.13,0.67,-0.08,2.62,11.04
00-0031260,Logan Thomas,TE,2020,WAS,16,0.87,0.19,0.21,0.43,4.5,6.88,41.88,0.38,0.0,48.12,18.0,2.25,0.43,11.04,5.95
00-0031260,Logan Thomas,TE,2022,WAS,13,0.75,0.11,0.1,0.24,3.0,4.69,24.85,0.08,0.0,33.08,9.69,1.15,-0.66,5.95,7.92
00-0031260,Logan Thomas,TE,2023,WAS,16,1.05,0.13,0.1,0.26,3.44,4.88,31.0,0.25,0.12,29.44,14.31,1.31,-0.3,7.92,
00-0031273,Cameron Brate,TE,2015,TB,12,0.94,0.06,0.06,0.13,1.92,2.5,24.0,0.25,0.0,25.42,4.17,1.17,1.13,5.82,11.4
00-0031273,Cameron Brate,TE,2016,TB,15,0.84,0.14,0.14,0.31,3.8,5.4,44.0,0.53,0.07,52.6,9.07,2.73,2.69,11.4,8.94
00-0031273,Cameron Brate,TE,2017,TB,16,0.83,0.13,0.12,0.27,3.0,4.81,36.94,0.38,0.0,44.44,8.94,2.06,1.4,8.94,6.19
00-0031273,Cameron Brate,TE,2018,TB,15,0.71,0.08,0.06,0.16,2.0,3.27,19.27,0.4,0.07,27.0,3.4,1.2,0.33,6.19,6.51
00-0031273,Cameron Brate,TE,2019,TB,14,0.81,0.09,0.06,0.18,2.57,3.93,22.21,0.29,0.0,27.5,6.43,1.5,0.28,6.51,5.25
00-0031273,Cameron Brate,TE,2020,TB,13,0.97,0.06,0.05,0.12,2.15,2.62,21.69,0.15,0.0,22.38,5.46,1.31,1.8,5.25,4.91
00-0031273,Cameron Brate,TE,2021,TB,16,0.56,0.08,0.07,0.17,1.88,3.56,15.31,0.25,0.0,27.12,5.06,0.94,-0.14,4.91,4.16
00-0031273,Cameron Brate,TE,2022,TB,9,0.69,0.05,0.05,0.11,2.22,4.22,19.33,0.0,0.0,27.89,7.22,0.89,-1.3,4.16,
00-0031299,Jordan Matthews,TE,2015,PHI,16,0.94,0.21,0.25,0.48,5.31,8.0,62.31,0.5,0.12,66.44,25.88,2.75,1.93,14.42,12.24
00-0031299,Jordan Matthews,TE,2016,PHI,14,0.71,0.19,0.25,0.46,5.21,8.36,57.43,0.21,0.07,80.93,17.36,2.71,2.0,12.24,5.72
00-0031299,Jordan Matthews,TE,2017,BUF,10,1.11,0.08,0.06,0.16,2.5,3.6,28.2,0.1,0.1,25.3,12.4,1.4,1.38,5.72,5.64
00-0031299,Jordan Matthews,TE,2018,PHI,11,1.05,0.05,0.06,0.12,1.82,2.55,27.27,0.18,0.0,25.91,7.55,1.27,1.61,5.64,
00-0031302,C.J. Fiedorowicz,TE,2015,HOU,14,1.52,0.04,0.02,0.07,1.21,1.71,11.93,0.07,0.07,7.86,5.5,0.57,-0.47,2.69,8.93
00-0031302,C.J. Fiedorowicz,TE,2016,HOU,15,0.92,0.15,0.12,0.32,3.6,5.93,37.27,0.27,0.07,40.6,14.13,2.0,0.81,8.93,
00-0031384,Richard Rodgers,TE,2015,GB,16,0.94,0.15,0.12,0.31,3.62,5.31,31.88,0.5,0.0,33.75,13.62,1.69,0.8,10.01,4.61
00-0031384,Richard Rodgers,TE,2016,GB,15,0.71,0.08,0.07,0.16,2.0,3.13,18.07,0.13,0.0,25.4,7.0,0.93,0.35,4.61,3.4
00-0031384,Richard Rodgers,TE,2017,GB,10,1.22,0.03,0.03,0.07,1.2,1.9,16.0,0.1,0.0,13.1,8.9,0.6,0.61,3.4,8.81
00-0031384,Richard Rodgers,TE,2020,PHI,8,1.13,0.06,0.06,0.12,3.0,3.88,43.12,0.25,0.0,38.12,11.88,2.0,2.7,8.81,
00-0031387,Eric Ebron,TE,2015,DET,14,1.43,0.11,0.09,0.23,3.36,5.0,38.36,0.36,0.0,26.79,20.79,1.93,0.98,9.34,11.09
00-0031387,Eric Ebron,TE,2016,DET,13,1.05,0.15,0.15,0.33,4.69,6.54,54.69,0.08,0.0,52.0,21.77,2.85,2.52,11.09,8.28
00-0031387,Eric Ebron,TE,2017,DET,16,0.91,0.15,0.14,0.32,3.31,5.38,35.88,0.25,0.06,39.31,16.12,1.88,0.51,8.28,13.89
00-0031387,Eric Ebron,TE,2018,IND,16,0.72,0.17,0.21,0.41,4.12,6.88,46.88,0.81,0.0,64.88,15.62,2.44,2.14,13.89,7.86
00-0031387,Eric Ebron,TE,2019,IND,11,0.76,0.11,0.12,0.24,2.82,4.73,34.09,0.27,0.0,45.0,14.09,1.82,-0.26,7.86,9.45
00-0031387,Eric Ebron,TE,2020,PIT,15,0.85,0.14,0.14,0.31,3.73,6.07,37.2,0.33,0.07,43.87,12.8,2.0,0.18,9.45,4.06
00-0031387,Eric Ebron,TE,2021,PIT,8,0.72,0.03,0.03,0.06,1.5,2.25,10.5,0.12,0.0,14.5,2.62,0.75,0.22,4.06,
00-0031418,Austin Seferian-Jenkins,TE,2016,NYJ,9,0.83,0.04,0.03,0.07,1.44,2.22,17.11,0.11,0.0,20.67,3.11,1.0,0.56,3.82,7.82
00-0031418,Austin Seferian-Jenkins,TE,2017,NYJ,13,0.8,0.15,0.11,0.3,3.85,5.69,27.46,0.23,0.08,34.46,9.54,1.46,-0.58,7.82,
00-0031484,Chris Manhertz,TE,2021,JAX,10,1.04,0.02,0.01,0.03,0.6,0.9,7.1,0.1,0.0,6.8,2.6,0.4,0.32,1.91,1.5
00-0031484,Chris Manhertz,TE,2024,NYG,8,2.0,0.01,0.0,0.01,0.38,0.5,3.75,0.12,0.0,1.88,2.38,0.25,0.32,1.5,
00-0031558,Maxx Williams,TE,2015,BAL,14,0.9,0.07,0.06,0.15,2.29,3.43,19.14,0.07,0.07,21.29,10.5,1.14,-0.08,4.63,2.82
00-0031558,Maxx Williams,TE,2017,BAL,10,0.0,0.03,-0.0,0.05,1.5,1.8,8.6,0.1,0.1,-0.1,10.0,0.6,-0.29,2.82,3.71
00-0031558,Maxx Williams,TE,2018,BAL,10,3.11,0.03,0.01,0.05,1.6,1.7,14.3,0.1,0.0,4.6,9.7,0.7,1.17,3.71,3.17
00-0031558,Maxx Williams,TE,2019,ARI,13,1.47,0.04,0.03,0.08,1.15,1.46,15.54,0.08,0.0,10.54,8.0,0.85,0.32,3.17,
00-0031585,MyCole Pruitt,TE,2015,MIN,11,0.75,0.04,0.04,0.08,0.91,1.45,8.09,0.0,0.0,10.82,4.18,0.27,0.09,1.72,2.33
00-0031585,MyCole Pruitt,TE,2019,TEN,9,3.0,0.02,0.01,0.03,0.67,0.89,10.0,0.11,0.0,3.33,7.22,0.44,0.61,2.33,4.85
00-0031585,MyCole Pruitt,TE,2021,TEN,10,1.23,0.03,0.03,0.07,1.4,1.8,14.5,0.3,0.0,11.8,5.9,1.0,0.99,4.85,5.5
00-0031585,MyCole Pruitt,TE,2022,ATL,10,1.27,0.05,0.03,0.1,1.6,2.1,15.0,0.4,0.0,11.8,7.5,1.0,0.82,5.5,2.6
00-0031585,MyCole Pruitt,TE,2023,ATL,10,1.77,0.02,0.01,0.05,0.9,1.2,11.0,0.1,0.1,6.2,5.1,0.7,0.82,2.6,
00-0031598,Nick Boyle,TE,2015,BAL,9,1.46,0.03,0.02,0.07,2.0,2.56,17.0,0.0,0.0,11.67,11.11,1.11,0.68,3.92,3.35
00-0031598,Nick Boyle,TE,2017,BAL,15,2.71,0.07,0.02,0.11,1.87,2.47,13.53,0.0,0.0,5.0,10.2,0.73,0.29,3.35,3.69
00-0031598,Nick Boyle,TE,2018,BAL,12,1.78,0.07,0.02,0.12,1.92,3.08,17.75,0.0,0.0,10.0,11.67,0.83,-0.39,3.69,5.01
00-0031598,Nick Boyle,TE,2019,BAL,15,1.22,0.1,0.07,0.2,2.07,2.87,21.4,0.13,0.0,17.53,10.67,0.87,0.81,5.01,4.14
00-0031598,Nick Boyle,TE,2020,BAL,9,1.22,0.04,0.03,0.08,1.56,1.89,12.56,0.22,0.0,10.33,3.78,0.89,0.69,4.14,
00-0031609,A.J. Derby,TE,2017,MIA,11,0.67,0.07,0.08,0.16,1.91,3.64,22.18,0.18,0.09,32.91,8.36,1.0,-0.67,5.04,
00-0031610,Darren Waller,TE,2016,BAL,10,0.75,0.03,0.02,0.05,1.0,1.7,8.5,0.2,0.0,11.4,3.9,0.7,-0.35,3.05,13.81
00-0031610,Darren Waller,TE,2019,LV,16,1.35,0.24,0.24,0.53,5.62,7.31,71.56,0.19,0.06,53.0,36.12,3.31,2.91,13.81,17.41
00-0031610,Darren Waller,TE,2020,LV,16,1.06,0.28,0.25,0.59,6.69,9.06,74.75,0.56,0.12,70.5,35.75,4.31,3.59,17.41,12.14
00-0031610,Darren Waller,TE,2021,LV,11,0.72,0.15,0.18,0.36,5.0,8.45,60.45,0.18,0.0,83.45,22.0,2.82,1.11,12.14,10.6
00-0031610,Darren Waller,TE,2022,LV,8,0.67,0.08,0.11,0.19,3.5,5.38,48.5,0.38,0.0,72.12,10.0,2.25,0.61,10.6,9.43
00-0031610,Darren Waller,TE,2023,NYG,12,0.93,0.15,0.16,0.34,4.33,6.17,46.0,0.08,0.0,49.33,17.58,2.08,1.27,9.43,
00-0031690,Eric Tomlinson,TE,2017,NYJ,9,1.83,0.02,0.02,0.04,0.89,1.22,13.44,0.11,0.0,7.33,7.56,0.44,0.27,2.9,1.27
00-0031690,Eric Tomlinson,TE,2018,NYJ,12,1.6,0.03,0.01,0.05,0.67,1.17,6.0,0.0,0.0,3.75,7.42,0.25,-0.66,1.27,3.21
00-0031690,Eric Tomlinson,TE,2022,DEN,9,1.34,0.02,0.01,0.04,1.0,1.44,8.78,0.22,0.0,6.56,4.89,0.56,0.81,3.21,
00-0031744,Matt LaCosse,TE,2018,DEN,13,1.24,0.07,0.05,0.13,1.85,2.85,19.23,0.08,0.0,15.54,11.0,0.85,0.63,4.23,4.01
00-0031744,Matt LaCosse,TE,2019,NE,8,0.98,0.03,0.03,0.07,1.62,2.38,16.38,0.12,0.0,16.75,5.75,0.75,0.07,4.01,
00-0031951,James O'Shaughnessy,TE,2016,KC,12,-0.14,0.01,0.0,0.01,0.17,0.25,-0.08,0.0,0.0,0.58,0.0,0.0,-0.13,0.16,2.18
00-0031951,James O'Shaughnessy,TE,2017,JAX,16,1.11,0.05,0.03,0.09,0.88,1.5,9.31,0.06,0.0,8.38,5.69,0.56,0.43,2.18,3.24
00-0031951,James O'Shaughnessy,TE,2018,JAX,14,0.94,0.07,0.06,0.15,1.71,2.71,15.29,0.0,0.0,16.29,8.71,0.71,-0.29,3.24,3.61
00-0031951,James O'Shaughnessy,TE,2020,JAX,15,0.96,0.06,0.06,0.14,1.87,2.53,17.47,0.0,0.0,18.27,6.27,0.8,0.62,3.61,
00-0032004,Will Tye,TE,2015,NYG,13,1.3,0.1,0.08,0.2,3.23,4.77,35.69,0.23,0.08,27.38,14.92,1.77,0.92,8.03,5.84
00-0032004,Will Tye,TE,2016,NYG,16,0.94,0.12,0.09,0.24,3.0,4.38,24.69,0.06,0.0,26.38,11.62,1.0,-0.75,5.84,
00-0032062,Blake Bell,TE,2015,SF,9,1.0,0.05,0.05,0.1,1.67,2.78,20.67,0.0,0.0,20.67,10.22,0.56,-0.24,3.73,1.56
00-0032062,Blake Bell,TE,2016,SF,8,0.79,0.02,0.03,0.05,0.5,1.12,10.62,0.0,0.0,13.5,3.88,0.25,0.33,1.56,1.84
00-0032062,Blake Bell,TE,2018,JAX,8,1.16,0.02,0.02,0.04,1.0,1.38,8.38,0.0,0.0,7.25,4.75,0.38,0.26,1.84,1.05
00-0032062,Blake Bell,TE,2019,KC,14,0.68,0.03,0.02,0.05,0.57,1.07,4.79,0.0,0.0,7.07,0.64,0.21,-0.19,1.05,2.02
00-0032062,Blake Bell,TE,2020,DAL,11,1.43,0.02,0.02,0.05,1.0,1.36,10.0,0.0,0.0,7.0,4.36,0.64,0.14,2.02,1.7
00-0032062,Blake Bell,TE,2021,KC,11,2.81,0.02,0.01,0.03,0.82,1.18,7.91,0.0,0.0,2.82,6.09,0.36,0.11,1.7,
00-0032089,Brian Parker,TE,2018,DEN,8,0.77,0.02,0.01,0.03,0.62,1.25,4.12,0.0,0.0,5.38,3.62,0.25,-0.52,1.04,
00-0032098,Daniel Brown,TE,2017,CHI,10,0.85,0.04,0.04,0.09,1.3,2.0,12.9,0.0,0.0,15.1,4.6,0.9,0.37,2.59,1.84
00-0032098,Daniel Brown,TE,2019,NYJ,11,0.65,0.02,0.03,0.05,0.64,1.0,6.55,0.09,0.0,10.09,1.91,0.36,-0.03,1.84,0.64
00-0032098,Daniel Brown,TE,2020,NYJ,8,3.1,0.0,0.0,0.01,0.25,0.25,3.88,0.0,0.0,1.25,2.62,0.25,0.55,0.64,
00-0032117,Nick O'Leary,TE,2016,BUF,13,0.88,0.03,0.03,0.07,0.69,1.08,8.77,0.0,0.0,9.92,3.31,0.38,0.47,1.72,4.94
00-0032117,Nick O'Leary,TE,2017,BUF,13,0.89,0.07,0.09,0.16,1.69,2.46,24.77,0.15,0.08,27.69,9.23,1.08,1.23,4.94,3.74
00-0032117,Nick O'Leary,TE,2019,JAX,8,1.15,0.03,0.02,0.06,1.62,2.25,13.62,0.12,0.12,11.88,4.88,0.5,0.22,3.74,
00-0032134,C.J. Uzomah,TE,2016,CIN,8,0.88,0.07,0.06,0.15,3.12,4.75,29.25,0.12,0.0,33.38,11.88,1.75,0.35,6.8,2.1
00-0032134,C.J. Uzomah,TE,2017,CIN,12,1.14,0.03,0.02,0.06,0.83,1.25,7.67,0.08,0.0,6.75,4.17,0.5,0.3,2.1,6.56
00-0032134,C.J. Uzomah,TE,2018,CIN,16,0.93,0.12,0.11,0.26,2.69,4.0,27.44,0.19,0.0,29.5,12.19,1.31,1.06,6.56,4.51
00-0032134,C.J. Uzomah,TE,2019,CIN,14,1.55,0.07,0.03,0.12,1.93,2.86,17.29,0.14,0.0,11.14,9.64,0.86,0.16,4.51,8.02
00-0032134,C.J. Uzomah,TE,2021,CIN,16,1.8,0.12,0.06,0.22,3.06,3.94,30.81,0.31,0.0,17.12,18.75,1.5,1.21,8.02,4.01
00-0032134,C.J. Uzomah,TE,2022,NYJ,14,1.18,0.05,0.04,0.1,1.5,1.93,16.57,0.14,0.0,14.0,7.5,0.71,0.8,4.01,2.48
00-0032134,C.J. Uzomah,TE,2023,NYJ,8,0.91,0.02,0.02,0.04,1.0,1.5,7.25,0.12,0.0,8.0,4.12,0.62,-0.42,2.48,
00-0032135,Jesse James,TE,2016,PIT,16,0.86,0.1,0.08,0.21,2.44,3.75,21.12,0.19,0.0,24.62,8.06,1.25,-0.24,5.68,7.01
00-0032135,Jesse James,TE,2017,PIT,14,0.96,0.11,0.07,0.21,3.07,4.5,26.57,0.21,0.0,27.57,13.71,1.43,0.85,7.01,5.62
00-0032135,Jesse James,TE,2018,PIT,15,1.41,0.06,0.06,0.13,2.0,2.6,28.2,0.13,0.0,20.0,12.33,1.13,1.5,5.62,2.32
00-0032135,Jesse James,TE,2019,DET,13,1.01,0.05,0.03,0.09,1.23,2.08,10.92,0.0,0.0,10.85,5.0,0.62,0.04,2.32,2.99
00-0032135,Jesse James,TE,2020,DET,13,1.09,0.04,0.02,0.08,1.08,1.69,9.92,0.15,0.0,9.08,5.85,0.46,-0.31,2.99,
00-0032139,Ben Koyack,TE,2016,JAX,10,1.06,0.04,0.03,0.08,1.9,2.4,16.1,0.1,0.0,15.2,4.5,1.0,0.69,4.11,
00-0032141,Geoff Swaim,TE,2018,DAL,9,1.74,0.06,0.03,0.12,2.89,3.56,26.89,0.11,0.0,15.44,18.22,1.22,0.63,6.24,4.38
00-0032141,Geoff Swaim,TE,2021,TEN,16,1.44,0.08,0.04,0.14,1.94,2.5,13.12,0.19,0.0,9.12,8.69,0.75,0.58,4.38,1.98
00-0032141,Geoff Swaim,TE,2022,TEN,12,1.71,0.04,0.01,0.06,1.0,1.33,4.83,0.08,0.0,2.83,3.58,0.33,-0.15,1.98,2.42
00-0032141,Geoff Swaim,TE,2023,ARI,8,1.57,0.02,0.01,0.04,1.25,1.38,11.75,0.0,0.0,7.5,3.75,0.5,0.83,2.42,
00-0032188,Vince Mayle,TE,2017,BAL,12,0.0,0.0,0.0,0.0,0.0,0.08,0.0,0.0,0.0,0.58,0.0,0.0,-0.05,0.52,
00-0032214,Tyler Kroft,TE,2015,CIN,12,1.47,0.03,0.02,0.06,0.92,1.25,10.75,0.08,0.0,7.33,5.67,0.5,0.44,2.49,2.13
00-0032214,Tyler Kroft,TE,2016,CIN,9,1.0,0.02,0.02,0.05,1.11,1.33,10.22,0.0,0.0,10.22,3.44,0.33,0.07,2.13,7.78
00-0032214,Tyler Kroft,TE,2017,CIN,16,0.87,0.13,0.11,0.27,2.62,3.88,25.25,0.44,0.0,29.06,12.06,1.44,1.07,7.78,2.12
00-0032214,Tyler Kroft,TE,2019,BUF,9,0.7,0.03,0.02,0.06,0.67,1.56,7.89,0.11,0.0,11.33,3.0,0.56,0.05,2.12,4.37
00-0032214,Tyler Kroft,TE,2021,NYJ,9,1.2,0.04,0.03,0.09,1.78,2.78,19.22,0.11,0.0,16.0,8.22,1.0,0.6,4.37,
00-0032227,Jeff Heuerman,TE,2017,DEN,10,0.92,0.03,0.03,0.07,0.9,1.8,14.2,0.2,0.0,15.4,6.3,0.5,-0.37,3.52,6.46
00-0032227,Jeff Heuerman,TE,2018,DEN,11,1.18,0.09,0.05,0.17,2.82,4.36,25.55,0.18,0.0,21.64,13.64,1.27,-0.43,6.46,3.92
00-0032227,Jeff Heuerman,TE,2019,DEN,8,1.06,0.04,0.03,0.08,1.75,2.5,14.25,0.12,0.0,13.5,5.25,1.12,0.49,3.92,
00-0032256,Clive Walford,TE,2015,LV,15,0.72,0.08,0.1,0.19,1.87,3.33,21.93,0.2,0.0,30.53,8.33,1.33,0.16,5.26,5.79
00-0032256,Clive Walford,TE,2016,LV,15,0.85,0.09,0.09,0.2,2.2,3.47,23.93,0.2,0.0,28.13,7.73,1.27,0.66,5.79,
00-0032319,Ross Travis,TE,2017,IND,11,0.38,0.03,0.05,0.08,0.64,1.55,6.91,0.0,0.09,18.36,3.09,0.45,-0.69,1.33,
00-0032392,Austin Hooper,TE,2016,ATL,13,0.99,0.05,0.06,0.12,1.46,2.08,20.85,0.23,0.0,21.15,5.08,1.23,1.26,4.93,7.48
00-0032392,Austin Hooper,TE,2017,ATL,16,1.22,0.13,0.09,0.25,3.06,4.06,32.88,0.19,0.0,26.88,16.38,1.12,0.24,7.48,10.19
00-0032392,Austin Hooper,TE,2018,ATL,16,1.1,0.15,0.11,0.3,4.44,5.5,41.25,0.25,0.0,37.38,14.81,1.88,1.9,10.19,14.75
00-0032392,Austin Hooper,TE,2019,ATL,13,1.25,0.15,0.11,0.3,5.77,7.46,60.54,0.46,0.0,48.38,25.77,3.15,1.97,14.75,8.73
00-0032392,Austin Hooper,TE,2020,CLE,13,0.95,0.15,0.11,0.3,3.54,5.38,33.46,0.31,0.0,35.08,13.0,2.08,1.73,8.73,6.17
00-0032392,Austin Hooper,TE,2021,CLE,15,1.05,0.12,0.08,0.24,2.53,4.07,23.0,0.2,0.0,21.87,12.33,1.2,1.33,6.17,5.73
00-0032392,Austin Hooper,TE,2022,TEN,17,0.92,0.14,0.13,0.3,2.41,3.53,26.12,0.12,0.0,28.24,7.65,1.65,1.54,5.73,3.02
00-0032392,Austin Hooper,TE,2023,LV,16,1.8,0.06,0.03,0.11,1.56,1.94,14.62,0.0,0.0,8.12,8.88,0.75,0.65,3.02,6.39
00-0032392,Austin Hooper,TE,2024,NE,17,1.23,0.12,0.1,0.25,2.65,3.47,28.0,0.18,0.12,22.71,13.24,1.47,0.75,6.39,
00-0032394,Nick Vannett,TE,2017,SEA,10,1.15,0.03,0.02,0.06,1.2,1.5,12.4,0.1,0.0,10.8,4.5,0.6,0.59,3.04,4.93
00-0032394,Nick Vannett,TE,2018,SEA,15,1.01,0.11,0.07,0.21,1.93,2.87,17.93,0.2,0.07,17.8,9.2,1.2,0.7,4.93,2.4
00-0032394,Nick Vannett,TE,2019,PIT,14,1.19,0.04,0.03,0.09,1.21,1.57,11.86,0.0,0.0,10.0,4.71,0.36,0.39,2.4,2.68
00-0032394,Nick Vannett,TE,2020,DEN,11,1.02,0.04,0.02,0.07,1.27,1.91,8.64,0.09,0.0,8.45,5.82,0.55,-0.43,2.68,4.04
00-0032394,Nick Vannett,TE,2024,TEN,12,6.14,0.04,0.01,0.06,1.42,1.67,11.25,0.25,0.0,1.83,9.17,0.58,0.15,4.04,
00-0032429,Jerell Adams,TE,2016,NYG,10,0.92,0.04,0.03,0.07,1.6,2.1,12.2,0.1,0.1,13.2,7.0,0.9,0.48,3.42,1.91
00-0032429,Jerell Adams,TE,2017,NYG,9,1.15,0.02,0.02,0.04,0.89,1.22,10.22,0.0,0.0,8.89,3.11,0.56,0.35,1.91,
00-0032430,David Morgan,TE,2017,MIN,9,1.3,0.02,0.02,0.05,1.11,1.33,10.56,0.11,0.0,8.11,6.33,0.56,1.05,2.83,
00-0032661,Ben Braunecker,TE,2018,CHI,10,0.61,0.01,0.02,0.03,0.3,0.5,4.2,0.0,0.0,6.9,0.4,0.2,-0.38,0.72,
00-0032725,Stephen Anderson,TE,2016,HOU,9,1.24,0.03,0.02,0.05,1.22,1.78,10.33,0.11,0.0,8.33,4.33,0.67,0.81,2.92,4.66
00-0032725,Stephen Anderson,TE,2017,HOU,14,0.74,0.1,0.09,0.21,1.79,3.71,24.43,0.07,0.0,32.86,9.43,1.21,-0.72,4.66,2.75
00-0032725,Stephen Anderson,TE,2021,LAC,14,2.46,0.03,0.01,0.05,1.14,1.36,11.79,0.07,0.0,4.79,8.21,0.64,0.51,2.75,0.43
00-0032725,Stephen Anderson,TE,2022,ARI,9,0.25,0.01,0.01,0.02,0.33,0.78,1.0,0.0,0.0,4.0,0.67,0.0,-0.37,0.43,
00-0032745,Alan Cross,TE,2016,TB,11,0.9,0.02,0.01,0.03,0.55,0.91,3.45,0.09,0.0,3.82,1.0,0.27,0.23,1.44,
00-0032986,J.P. Holtz,TE,2019,CHI,8,5.69,0.02,0.0,0.03,0.88,1.0,11.38,0.0,0.0,2.0,9.88,0.5,0.69,2.01,0.0
00-0032986,J.P. Holtz,TE,2020,CHI,9,0.0,0.0,0.0,0.0,0.0,0.11,0.0,0.0,0.0,0.67,0.0,0.0,-0.56,0.0,
00-0033080,Seth DeValve,TE,2016,CLE,8,1.26,0.02,0.02,0.05,1.25,1.5,15.88,0.25,0.0,12.62,5.5,0.88,0.61,4.34,4.78
00-0033080,Seth DeValve,TE,2017,CLE,16,0.79,0.1,0.1,0.22,2.06,3.62,24.69,0.06,0.06,31.31,10.69,1.12,-0.23,4.78,
00-0033090,Hunter Henry,TE,2016,LAC,13,1.03,0.09,0.09,0.21,2.77,4.08,36.77,0.62,0.08,35.54,14.92,2.31,2.67,9.98,10.58
00-0033090,Hunter Henry,TE,2017,LAC,12,1.08,0.11,0.11,0.24,3.75,5.17,48.25,0.33,0.0,44.5,18.42,2.67,3.24,10.58,12.52
00-0033090,Hunter Henry,TE,2019,LAC,12,0.84,0.13,0.15,0.31,4.58,6.33,54.33,0.42,0.08,64.92,13.25,3.0,2.04,12.52,10.38
00-0033090,Hunter Henry,TE,2020,LAC,14,0.83,0.15,0.16,0.34,4.29,6.64,43.79,0.29,0.0,52.93,16.14,2.5,1.3,10.38,10.27
00-0033090,Hunter Henry,TE,2021,NE,16,0.83,0.14,0.17,0.33,3.12,4.69,37.69,0.56,0.0,45.38,9.0,2.12,2.15,10.27,6.49
00-0033090,Hunter Henry,TE,2022,NE,16,1.12,0.11,0.11,0.25,2.56,3.69,31.81,0.12,0.0,28.38,12.69,1.44,0.85,6.49,9.22
00-0033090,Hunter Henry,TE,2023,NE,13,0.78,0.11,0.13,0.26,3.23,4.69,32.23,0.46,0.08,41.38,6.0,2.23,1.42,9.22,9.09
00-0033090,Hunter Henry,TE,2024,NE,16,0.99,0.19,0.18,0.42,4.12,6.06,42.12,0.12,0.0,42.62,16.75,2.5,1.51,9.09,
00-0033110,Tyler Higbee,TE,2016,LA,12,0.42,0.05,0.05,0.12,0.92,2.42,7.08,0.08,0.0,16.92,2.17,0.25,-1.35,2.12,4.32
00-0033110,Tyler Higbee,TE,2017,LA,14,0.61,0.09,0.12,0.22,1.79,3.21,21.07,0.07,0.0,34.43,5.5,0.86,0.09,4.32,4.66
00-0033110,Tyler Higbee,TE,2018,LA,14,1.28,0.06,0.05,0.13,1.71,2.43,20.86,0.14,0.07,16.36,9.79,1.14,1.34,4.66,11.46
00-0033110,Tyler Higbee,TE,2019,LA,14,1.24,0.15,0.12,0.3,4.93,6.36,52.43,0.21,0.0,42.21,27.86,2.57,2.05,11.46,8.55
00-0033110,Tyler Higbee,TE,2020,LA,15,1.09,0.11,0.12,0.25,2.93,4.0,34.73,0.33,0.0,31.93,15.87,1.8,2.35,8.55,9.8
00-0033110,Tyler Higbee,TE,2021,LA,15,1.22,0.14,0.09,0.27,4.07,5.67,37.33,0.33,0.07,30.53,18.33,2.2,0.27,9.8,9.5
00-0033110,Tyler Higbee,TE,2022,LA,16,1.9,0.21,0.09,0.38,4.5,6.75,38.75,0.19,0.0,20.44,25.25,2.0,0.31,9.5,7.23
00-0033110,Tyler Higbee,TE,2023,LA,15,1.22,0.13,0.09,0.25,3.13,4.67,33.0,0.13,0.0,27.07,16.4,1.73,1.25,7.23,
00-0033217,Mo Alie-Cox,TE,2018,IND,8,0.88,0.02,0.03,0.05,0.88,1.62,16.62,0.25,0.0,19.0,6.25,0.75,0.35,4.04,1.73
00-0033217,Mo Alie-Cox,TE,2019,IND,10,1.94,0.02,0.01,0.04,0.8,1.1,9.3,0.0,0.0,4.8,6.0,0.5,0.51,1.73,5.74
00-0033217,Mo Alie-Cox,TE,2020,IND,14,1.49,0.07,0.07,0.16,2.21,2.79,28.14,0.14,0.07,18.86,13.0,1.36,0.91,5.74,4.68
00-0033217,Mo Alie-Cox,TE,2021,IND,17,0.71,0.09,0.11,0.21,1.41,2.65,18.59,0.24,0.06,26.0,8.82,0.88,0.52,4.68,3.85
00-0033217,Mo Alie-Cox,TE,2022,IND,14,1.25,0.05,0.04,0.1,1.36,2.0,13.5,0.21,0.07,10.79,7.07,0.64,-0.11,3.85,3.51
00-0033217,Mo Alie-Cox,TE,2023,IND,14,0.73,0.04,0.05,0.1,0.93,1.57,11.5,0.21,0.0,15.86,5.71,0.64,0.54,3.51,2.72
00-0033217,Mo Alie-Cox,TE,2024,IND,12,0.7,0.04,0.04,0.09,1.0,1.83,12.25,0.08,0.0,17.58,4.08,0.58,0.58,2.72,
00-0033246,Johnny Mundt,TE,2022,MIN,13,4.83,0.03,0.01,0.05,1.46,1.62,10.77,0.08,0.0,2.23,9.0,0.69,0.42,3.0,4.02
00-0033246,Johnny Mundt,TE,2023,MIN,10,1.51,0.04,0.02,0.07,1.7,2.3,17.2,0.1,0.0,11.4,9.4,0.8,0.28,4.02,3.23
00-0033246,Johnny Mundt,TE,2024,MIN,14,1.23,0.05,0.02,0.1,1.36,1.93,10.14,0.14,0.0,8.21,5.93,0.57,0.35,3.23,
00-0033258,Darrell Daniels,TE,2020,ARI,9,1.37,0.02,0.01,0.04,0.89,1.22,10.22,0.11,0.0,7.44,6.33,0.44,0.7,2.58,0.1
00-0033258,Darrell Daniels,TE,2021,ARI,10,0.0,0.01,0.0,0.01,0.1,0.4,0.0,0.0,0.0,2.2,0.1,0.0,-0.24,0.1,
00-0033288,George Kittle,TE,2017,SF,15,1.19,0.11,0.09,0.22,2.87,4.2,34.33,0.13,0.0,28.93,17.67,1.47,0.93,7.1,16.17
00-0033288,George Kittle,TE,2018,SF,16,1.38,0.26,0.26,0.58,5.5,8.5,86.06,0.31,0.0,62.25,54.38,3.75,4.08,16.17,15.89
00-0033288,George Kittle,TE,2019,SF,14,1.66,0.23,0.2,0.49,6.07,7.64,75.21,0.36,0.07,45.21,43.0,3.79,4.15,15.89,15.64
00-0033288,George Kittle,TE,2020,SF,8,1.38,0.11,0.12,0.26,6.0,7.88,79.25,0.25,0.0,57.5,37.12,4.0,4.53,15.64,14.14
00-0033288,George Kittle,TE,2021,SF,14,1.17,0.19,0.19,0.42,5.07,6.71,65.0,0.43,0.14,55.5,32.14,3.0,1.76,14.14,13.37
00-0033288,George Kittle,TE,2022,SF,15,1.39,0.17,0.16,0.37,4.0,5.73,51.0,0.73,0.07,36.67,25.73,2.4,2.64,13.37,12.7
00-0033288,George Kittle,TE,2023,SF,16,1.2,0.19,0.21,0.44,4.06,5.62,63.75,0.38,0.0,53.25,30.19,2.62,3.73,12.7,15.77
00-0033288,George Kittle,TE,2024,SF,15,1.38,0.18,0.18,0.4,5.2,6.27,73.73,0.53,0.0,53.33,34.8,3.33,4.53,15.77,
00-0033338,Cethan Carter,TE,2020,CIN,13,0.98,0.01,0.01,0.03,0.38,0.54,4.08,0.0,0.0,4.15,0.77,0.23,0.13,0.79,0.45
00-0033338,Cethan Carter,TE,2021,MIA,8,2.0,0.0,0.0,0.01,0.25,0.25,2.0,0.0,0.0,1.0,1.0,0.0,0.11,0.45,
00-0033357,Taysom Hill,TE,2018,NO,15,0.11,0.01,0.01,0.03,0.2,0.47,0.27,0.0,0.0,2.4,0.33,0.0,-0.36,2.24,6.39
00-0033357,Taysom Hill,TE,2019,NO,16,2.25,0.04,0.03,0.08,1.19,1.38,14.62,0.38,0.0,6.5,9.31,0.88,1.33,6.39,9.79
00-0033357,Taysom Hill,TE,2020,NO,16,1.08,0.02,0.03,0.06,0.5,0.75,6.12,0.06,0.0,5.69,2.19,0.25,0.02,9.79,10.14
00-0033357,Taysom Hill,TE,2021,NO,12,2.74,0.01,0.01,0.02,0.33,0.5,4.33,0.0,0.0,1.58,4.17,0.33,-0.24,10.14,9.11
00-0033357,Taysom Hill,TE,2022,NO,16,1.03,0.03,0.02,0.05,0.56,0.81,4.81,0.12,0.0,4.69,2.31,0.31,0.16,9.11,8.97
00-0033357,Taysom Hill,TE,2023,NO,16,1.39,0.07,0.04,0.13,2.06,2.5,18.19,0.12,0.0,13.06,8.31,0.69,0.63,8.97,12.79
00-0033357,Taysom Hill,TE,2024,NO,8,1.73,0.06,0.02,0.11,2.88,3.88,23.38,0.0,0.12,13.5,17.12,1.0,0.15,12.79,
00-0033387,Jacob Hollister,TE,2017,NE,13,0.46,0.02,0.02,0.04,0.31,0.85,3.23,0.0,0.0,7.0,0.38,0.15,-0.42,0.67,9.39
00-0033387,Jacob Hollister,TE,2019,SEA,10,1.03,0.12,0.07,0.23,4.1,5.9,34.9,0.3,0.0,34.0,16.9,1.6,-0.36,9.39,5.07
00-0033387,Jacob Hollister,TE,2020,SEA,13,0.88,0.07,0.05,0.15,1.92,3.08,16.08,0.23,0.0,18.23,6.15,1.08,0.51,5.07,
00-0033421,Antony Auclair,TE,2018,TB,9,1.2,0.01,0.01,0.02,0.78,0.89,5.33,0.0,0.0,4.44,0.89,0.11,0.08,1.31,
00-0033439,Pharaoh Brown,TE,2020,HOU,10,1.28,0.03,0.03,0.06,1.4,1.6,16.3,0.2,0.0,12.7,7.6,0.9,1.09,4.23,2.93
00-0033439,Pharaoh Brown,TE,2021,HOU,13,1.17,0.07,0.04,0.12,1.77,2.62,13.15,0.0,0.08,11.23,8.15,0.46,-0.8,2.93,2.96
00-0033439,Pharaoh Brown,TE,2022,CLE,8,0.91,0.04,0.03,0.07,1.5,2.5,14.62,0.0,0.0,16.0,10.38,0.75,-0.31,2.96,3.44
00-0033439,Pharaoh Brown,TE,2023,NE,11,2.0,0.03,0.03,0.06,1.18,1.36,18.91,0.09,0.09,9.45,11.0,0.73,0.5,3.44,1.25
00-0033439,Pharaoh Brown,TE,2024,SEA,10,1.27,0.02,0.01,0.04,0.8,1.2,6.5,0.0,0.1,5.1,3.0,0.2,-0.65,1.25,
00-0033455,Anthony Firkser,TE,2018,TEN,9,1.69,0.05,0.04,0.1,2.11,2.22,25.0,0.11,0.0,14.78,10.78,1.33,2.05,5.28,4.04
00-0033455,Anthony Firkser,TE,2019,TEN,10,0.92,0.06,0.06,0.12,1.4,2.4,20.4,0.1,0.0,22.2,7.1,0.9,-0.11,4.04,5.58
00-0033455,Anthony Firkser,TE,2020,TEN,15,1.04,0.11,0.09,0.23,2.6,3.53,25.8,0.07,0.0,24.73,9.53,1.73,1.26,5.58,4.87
00-0033455,Anthony Firkser,TE,2021,TEN,15,1.16,0.08,0.06,0.17,2.27,2.87,19.4,0.13,0.07,16.67,7.4,1.0,0.67,4.87,2.38
00-0033455,Anthony Firkser,TE,2022,ATL,8,0.93,0.03,0.03,0.07,1.12,1.62,12.5,0.0,0.0,13.5,2.5,0.62,0.31,2.38,
00-0033528,Jeremy Sprinkle,TE,2018,WAS,8,0.71,0.02,0.01,0.04,0.62,1.12,5.12,0.12,0.0,7.25,2.62,0.38,0.11,1.89,3.51
00-0033528,Jeremy Sprinkle,TE,2019,WAS,16,0.93,0.09,0.07,0.18,1.62,2.5,15.06,0.06,0.06,16.12,5.69,0.81,-0.06,3.51,
00-0033559,Michael Roberts,TE,2018,DET,8,0.78,0.04,0.03,0.08,1.12,2.5,12.5,0.38,0.0,16.12,2.88,0.62,-1.22,4.62,
00-0033576,Eric Saubert,TE,2021,DEN,10,1.18,0.02,0.01,0.04,0.8,1.2,4.7,0.1,0.0,4.0,2.9,0.2,-0.05,1.87,2.56
00-0033576,Eric Saubert,TE,2022,DEN,14,0.73,0.04,0.04,0.09,1.07,1.71,10.57,0.07,0.0,14.43,5.36,0.43,-0.21,2.56,2.22
00-0033576,Eric Saubert,TE,2024,SF,12,1.03,0.03,0.02,0.06,0.92,1.17,8.08,0.08,0.08,7.83,2.92,0.42,0.16,2.22,
00-0033611,Ricky Seals-Jones,TE,2017,ARI,8,0.63,0.05,0.05,0.11,1.5,3.5,25.12,0.38,0.0,39.88,9.25,1.25,0.44,6.26,4.95
00-0033611,Ricky Seals-Jones,TE,2018,ARI,15,0.5,0.15,0.17,0.34,2.27,4.6,22.87,0.07,0.0,45.33,6.47,0.93,-1.76,4.95,6.54
00-0033611,Ricky Seals-Jones,TE,2019,CLE,9,0.91,0.04,0.05,0.1,1.56,2.44,25.44,0.44,0.11,28.11,10.56,1.11,1.09,6.54,6.28
00-0033611,Ricky Seals-Jones,TE,2021,WAS,11,1.01,0.09,0.07,0.18,2.73,4.45,24.64,0.18,0.0,24.36,13.82,1.27,-0.56,6.28,
00-0033627,Jason Croom,TE,2018,BUF,15,0.97,0.07,0.05,0.15,1.47,2.33,17.27,0.07,0.13,17.8,9.13,0.67,-1.23,3.33,
00-0033658,Blake Jarwin,TE,2018,DAL,13,1.03,0.07,0.07,0.16,2.08,2.77,23.62,0.23,0.0,22.85,8.46,1.23,1.33,5.82,5.7
00-0033658,Blake Jarwin,TE,2019,DAL,15,1.11,0.07,0.06,0.15,2.07,2.73,24.33,0.2,0.07,21.93,10.47,1.13,0.94,5.7,4.08
00-0033658,Blake Jarwin,TE,2021,DAL,8,0.75,0.03,0.03,0.06,1.38,2.12,12.0,0.25,0.0,16.0,4.75,0.62,-0.17,4.08,
00-0033757,Robert Tonyan,TE,2019,GB,9,0.63,0.03,0.03,0.06,1.11,1.67,11.11,0.11,0.0,17.56,2.89,0.44,0.19,2.89,11.77
00-0033757,Robert Tonyan,TE,2020,GB,15,1.28,0.12,0.11,0.25,3.47,3.93,39.07,0.73,0.0,30.47,14.87,2.2,2.92,11.77,6.3
00-0033757,Robert Tonyan,TE,2021,GB,8,0.78,0.05,0.06,0.12,2.25,3.62,25.5,0.25,0.0,32.75,13.0,1.25,1.35,6.3,6.59
00-0033757,Robert Tonyan,TE,2022,GB,17,1.21,0.12,0.09,0.25,3.12,3.94,27.65,0.12,0.0,22.94,13.53,1.18,0.23,6.59,1.85
00-0033757,Robert Tonyan,TE,2023,CHI,12,0.77,0.04,0.04,0.08,0.92,1.42,9.33,0.0,0.0,12.08,4.75,0.5,0.31,1.85,
00-0033858,Jonnu Smith,TE,2017,TEN,14,0.78,0.06,0.05,0.12,1.29,2.14,11.21,0.14,0.0,14.29,6.86,0.36,-0.34,3.26,5.32
00-0033858,Jonnu Smith,TE,2018,TEN,12,1.66,0.07,0.05,0.14,1.67,2.5,21.5,0.25,0.08,12.92,15.0,0.83,0.54,5.32,6.98
00-0033858,Jonnu Smith,TE,2019,TEN,15,1.9,0.1,0.06,0.2,2.33,2.93,29.27,0.2,0.0,15.4,18.2,1.07,1.08,6.98,10.01
00-0033858,Jonnu Smith,TE,2020,TEN,14,1.24,0.14,0.09,0.27,2.93,4.64,32.0,0.57,0.0,25.71,17.0,1.79,1.12,10.01,4.21
00-0033858,Jonnu Smith,TE,2021,NE,16,1.18,0.09,0.06,0.17,1.75,2.81,18.38,0.06,0.06,15.56,14.5,0.94,-0.61,4.21,4.33
00-0033858,Jonnu Smith,TE,2022,NE,12,2.11,0.07,0.03,0.13,2.25,3.17,20.42,0.0,0.0,9.67,16.67,0.75,0.05,4.33,7.31
00-0033858,Jonnu Smith,TE,2023,ATL,17,1.27,0.14,0.11,0.28,2.94,4.12,34.24,0.18,0.06,26.94,21.0,1.53,0.53,7.31,13.08
00-0033858,Jonnu Smith,TE,2024,MIA,17,1.63,0.2,0.15,0.4,5.18,6.53,52.0,0.47,0.12,31.88,30.0,3.24,3.51,13.08,
00-0033879,O.J. Howard,TE,2017,TB,13,0.95,0.07,0.07,0.15,2.0,3.0,33.23,0.46,0.23,35.08,11.69,1.46,1.31,7.78,12.05
00-0033879,O.J. Howard,TE,2018,TB,10,1.0,0.08,0.09,0.18,3.4,4.8,56.5,0.5,0.0,56.7,20.9,2.8,2.56,12.05,5.99
00-0033879,O.J. Howard,TE,2019,TB,14,0.87,0.09,0.08,0.19,2.43,3.79,32.79,0.07,0.07,37.71,10.71,1.64,0.67,5.99,3.35
00-0033879,O.J. Howard,TE,2021,TB,10,0.99,0.03,0.02,0.06,1.4,2.1,13.5,0.1,0.0,13.6,8.3,1.0,0.38,3.35,3.32
00-0033879,O.J. Howard,TE,2022,HOU,11,0.57,0.04,0.06,0.1,0.91,2.09,13.18,0.18,0.0,23.0,5.45,0.55,-0.19,3.32,
00-0033881,Evan Engram,TE,2017,NYG,15,0.74,0.19,0.22,0.44,4.27,7.67,48.13,0.4,0.0,65.4,20.4,2.47,0.28,11.57,11.48
00-0033881,Evan Engram,TE,2018,NYG,11,1.7,0.11,0.08,0.22,4.09,5.82,52.45,0.27,0.0,30.82,35.27,2.0,1.87,11.48,13.68
00-0033881,Evan Engram,TE,2019,NYG,8,1.18,0.12,0.08,0.23,5.5,8.5,58.38,0.38,0.0,49.62,31.5,2.88,0.41,13.68,8.81
00-0033881,Evan Engram,TE,2020,NYG,16,0.83,0.22,0.2,0.46,3.94,6.81,40.88,0.06,0.06,49.06,17.94,2.0,-1.35,8.81,6.83
00-0033881,Evan Engram,TE,2021,NYG,15,1.11,0.13,0.08,0.25,3.07,4.87,27.2,0.2,0.07,24.4,12.33,1.4,-0.72,6.83,10.41
00-0033881,Evan Engram,TE,2022,JAX,17,1.25,0.17,0.14,0.35,4.29,5.76,45.06,0.24,0.0,36.12,27.35,1.94,1.99,10.41,13.55
00-0033881,Evan Engram,TE,2023,JAX,17,1.34,0.24,0.14,0.45,6.71,8.41,56.65,0.24,0.18,42.12,30.35,2.76,0.6,13.55,9.94
00-0033881,Evan Engram,TE,2024,JAX,9,1.01,0.12,0.08,0.24,5.22,7.11,40.56,0.11,0.11,40.0,16.67,1.89,-0.1,9.94,
00-0033885,David Njoku,TE,2017,CLE,16,0.63,0.11,0.12,0.24,2.0,3.75,24.12,0.25,0.0,38.06,9.44,1.06,0.19,5.92,9.59
00-0033885,David Njoku,TE,2018,CLE,15,0.84,0.16,0.14,0.33,3.73,5.87,42.6,0.27,0.0,50.8,20.4,1.8,0.24,9.59,4.75
00-0033885,David Njoku,TE,2020,CLE,11,0.99,0.06,0.05,0.13,1.73,2.64,19.36,0.18,0.0,19.64,7.91,1.18,1.03,4.75,7.17
00-0033885,David Njoku,TE,2021,CLE,15,1.1,0.11,0.1,0.23,2.4,3.53,31.67,0.27,0.0,28.8,16.47,1.13,1.43,7.17,10.14
00-0033885,David Njoku,TE,2022,CLE,14,1.17,0.16,0.12,0.32,4.14,5.71,44.86,0.29,0.07,38.21,23.71,2.57,1.76,10.14,12.58
00-0033885,David Njoku,TE,2023,CLE,16,1.56,0.21,0.11,0.38,5.06,7.69,55.12,0.38,0.12,35.38,37.44,2.19,-0.72,12.58,13.5
00-0033885,David Njoku,TE,2024,CLE,11,0.99,0.15,0.1,0.3,5.82,8.82,45.91,0.45,0.0,46.36,22.82,2.09,-0.47,13.5,
00-0033895,Gerald Everett,TE,2017,LA,14,0.86,0.06,0.07,0.14,1.14,2.29,17.43,0.14,0.07,20.36,7.71,0.5,-0.11,3.69,5.77
00-0033895,Gerald Everett,TE,2018,LA,15,1.05,0.09,0.06,0.18,2.2,3.33,21.33,0.2,0.0,20.27,9.6,1.13,0.8,5.77,7.48
00-0033895,Gerald Everett,TE,2019,LA,12,0.84,0.1,0.1,0.22,3.08,5.0,34.0,0.17,0.0,40.58,14.83,1.83,0.49,7.48,6.19
00-0033895,Gerald Everett,TE,2020,LA,15,1.08,0.11,0.1,0.23,2.73,4.13,27.8,0.07,0.07,25.67,16.2,1.6,-0.1,6.19,7.85
00-0033895,Gerald Everett,TE,2021,SEA,15,1.45,0.13,0.07,0.25,3.2,4.2,31.87,0.27,0.13,22.0,16.6,1.73,0.72,7.85,9.3
00-0033895,Gerald Everett,TE,2022,LAC,15,1.13,0.13,0.11,0.27,3.87,5.8,37.0,0.27,0.0,32.73,21.73,1.93,0.15,9.3,7.41
00-0033895,Gerald Everett,TE,2023,LAC,15,1.46,0.11,0.06,0.21,3.4,4.67,27.4,0.2,0.2,18.8,18.33,1.67,0.51,7.41,1.16
00-0033895,Gerald Everett,TE,2024,CHI,10,1.03,0.02,0.01,0.04,0.8,1.3,3.6,0.0,0.0,3.5,4.1,0.1,-0.15,1.16,
00-0033896,Adam Shaheen,TE,2020,MIA,13,1.58,0.04,0.02,0.08,0.92,1.69,11.54,0.23,0.0,7.31,8.08,0.69,0.52,3.46,
00-0033953,Jordan Leggett,TE,2018,NYJ,13,0.71,0.05,0.03,0.1,1.08,1.92,8.77,0.08,0.0,12.38,3.77,0.46,0.28,2.42,
00-0034011,Dan Arnold,TE,2020,ARI,15,0.78,0.08,0.13,0.21,2.07,3.0,29.2,0.27,0.13,37.67,11.53,1.6,1.71,6.45,6.89
00-0034011,Dan Arnold,TE,2021,JAX,11,1.2,0.09,0.08,0.19,3.18,4.73,37.09,0.0,0.09,30.91,17.09,1.82,0.42,6.89,2.05
00-0034011,Dan Arnold,TE,2022,JAX,11,1.55,0.02,0.02,0.05,0.82,1.18,12.27,0.0,0.0,7.91,6.36,0.45,0.53,2.05,
00-0034073,Ross Dwelley,TE,2019,SF,8,0.78,0.05,0.04,0.1,1.88,2.75,11.38,0.25,0.0,14.62,5.0,1.0,0.48,4.51,4.12
00-0034073,Ross Dwelley,TE,2020,SF,12,1.35,0.04,0.05,0.1,1.58,2.0,20.42,0.08,0.0,15.17,8.92,0.83,1.38,4.12,
00-0034159,Will Dissly,TE,2020,SEA,15,1.82,0.05,0.03,0.1,1.6,1.93,16.73,0.13,0.0,9.2,11.27,0.8,0.39,4.07,3.85
00-0034159,Will Dissly,TE,2021,SEA,13,2.06,0.05,0.02,0.1,1.62,2.0,17.77,0.08,0.08,8.62,11.0,0.85,0.91,3.85,5.79
00-0034159,Will Dissly,TE,2022,SEA,15,1.69,0.07,0.05,0.14,2.27,2.53,23.27,0.2,0.0,13.73,12.27,1.33,1.76,5.79,3.09
00-0034159,Will Dissly,TE,2023,SEA,13,2.77,0.04,0.02,0.07,1.31,1.69,13.23,0.08,0.0,4.77,9.23,0.62,0.67,3.09,7.34
00-0034159,Will Dissly,TE,2024,LAC,15,1.63,0.13,0.07,0.24,3.33,4.27,32.07,0.13,0.0,19.67,20.2,1.6,1.03,7.34,
00-0034192,Nick Keizer,TE,2020,KC,11,0.78,0.01,0.02,0.03,0.55,0.82,5.73,0.0,0.09,7.36,3.64,0.18,-0.49,0.94,
00-0034270,Tyler Conklin,TE,2019,MIN,9,0.95,0.02,0.02,0.05,0.89,1.11,6.44,0.0,0.0,6.78,2.0,0.22,0.23,1.53,4.93
00-0034270,Tyler Conklin,TE,2020,MIN,9,1.7,0.05,0.03,0.1,2.11,2.89,21.56,0.11,0.11,12.67,14.0,1.22,0.88,4.93,8.14
00-0034270,Tyler Conklin,TE,2021,MIN,17,1.28,0.15,0.1,0.29,3.59,5.12,34.88,0.18,0.06,27.29,19.18,1.53,0.67,8.14,7.74
00-0034270,Tyler Conklin,TE,2022,NYJ,17,0.89,0.15,0.12,0.31,3.41,5.12,32.47,0.18,0.12,36.29,16.71,1.47,0.14,7.74,7.24
00-0034270,Tyler Conklin,TE,2023,NYJ,17,1.04,0.15,0.15,0.34,3.59,5.12,36.53,0.0,0.0,35.0,14.47,1.59,0.38,7.24,7.62
00-0034270,Tyler Conklin,TE,2024,NYJ,16,1.25,0.12,0.09,0.24,3.19,4.5,28.06,0.25,0.0,22.38,16.38,1.5,0.7,7.62,
00-0034351,Dallas Goedert,TE,2018,PHI,15,1.02,0.07,0.07,0.16,2.2,2.93,22.27,0.27,0.0,21.87,11.33,1.0,0.8,6.03,9.65
00-0034351,Dallas Goedert,TE,2019,PHI,15,1.21,0.14,0.1,0.29,3.87,5.8,40.47,0.33,0.13,33.33,22.27,2.2,0.58,9.65,10.58
00-0034351,Dallas Goedert,TE,2020,PHI,11,0.94,0.12,0.1,0.25,4.18,5.91,47.64,0.27,0.0,50.91,18.36,2.55,1.35,10.58,11.0
00-0034351,Dallas Goedert,TE,2021,PHI,15,1.29,0.16,0.15,0.35,3.73,5.07,55.33,0.27,0.07,42.87,25.73,2.87,3.56,11.0,11.77
00-0034351,Dallas Goedert,TE,2022,PHI,12,1.66,0.14,0.1,0.27,4.58,5.75,58.5,0.25,0.08,35.33,35.0,3.33,3.77,11.77,9.74
00-0034351,Dallas Goedert,TE,2023,PHI,14,1.33,0.16,0.09,0.3,4.21,5.93,42.29,0.21,0.0,31.79,22.79,2.36,1.15,9.74,10.36
00-0034351,Dallas Goedert,TE,2024,PHI,10,1.45,0.12,0.1,0.26,4.2,5.2,49.6,0.2,0.2,34.3,25.7,2.0,1.94,10.36,
00-0034364,Jordan Akins,TE,2018,HOU,14,1.31,0.05,0.04,0.1,1.21,1.79,16.07,0.0,0.0,12.29,8.79,0.79,0.87,2.82,5.61
00-0034364,Jordan Akins,TE,2019,HOU,16,1.06,0.11,0.08,0.22,2.25,3.44,26.12,0.12,0.0,24.56,15.38,1.31,0.83,5.61,6.44
00-0034364,Jordan Akins,TE,2020,HOU,13,1.09,0.09,0.08,0.19,2.85,3.77,31.0,0.08,0.0,28.38,13.23,1.54,1.24,6.44,3.48
00-0034364,Jordan Akins,TE,2021,HOU,12,1.03,0.06,0.05,0.13,2.0,2.75,17.83,0.0,0.17,17.25,6.75,0.92,-0.71,3.48,7.77
00-0034364,Jordan Akins,TE,2022,HOU,15,1.49,0.1,0.08,0.2,2.47,3.6,33.0,0.33,0.07,22.13,18.0,1.53,1.43,7.77,2.17
00-0034364,Jordan Akins,TE,2023,CLE,13,1.21,0.04,0.02,0.07,1.15,1.77,10.15,0.0,0.0,8.38,4.46,0.46,-0.08,2.17,5.69
00-0034364,Jordan Akins,TE,2024,CLE,16,1.15,0.09,0.07,0.18,2.5,3.62,24.38,0.12,0.06,21.19,11.69,1.25,0.69,5.69,
00-0034365,Ian Thomas,TE,2018,CAR,10,1.1,0.09,0.07,0.19,3.6,4.9,33.3,0.2,0.0,30.3,15.8,2.0,-0.1,8.13,3.56
00-0034365,Ian Thomas,TE,2019,CAR,10,0.67,0.05,0.04,0.1,1.6,3.0,13.6,0.1,0.0,20.4,7.7,1.0,-0.39,3.56,3.12
00-0034365,Ian Thomas,TE,2020,CAR,13,0.74,0.06,0.05,0.12,1.54,2.38,11.15,0.08,0.08,15.08,6.0,0.92,-0.42,3.12,2.63
00-0034365,Ian Thomas,TE,2021,CAR,14,1.03,0.05,0.04,0.11,1.29,2.14,13.43,0.0,0.0,13.07,6.57,0.43,-1.13,2.63,3.13
00-0034365,Ian Thomas,TE,2022,CAR,13,2.86,0.07,0.02,0.12,1.62,2.31,15.15,0.0,0.0,5.31,14.0,0.62,0.31,3.13,1.32
00-0034365,Ian Thomas,TE,2023,CAR,8,0.72,0.02,0.02,0.04,0.62,1.12,7.0,0.0,0.0,9.75,4.12,0.12,-0.96,1.32,
00-0034383,Dalton Schultz,TE,2018,DAL,8,1.66,0.03,0.02,0.06,1.5,2.12,14.5,0.0,0.0,8.75,8.25,0.75,0.47,2.95,9.16
00-0034383,Dalton Schultz,TE,2020,DAL,16,1.05,0.14,0.12,0.3,3.94,5.56,38.44,0.25,0.06,36.5,17.44,2.06,0.82,9.16,12.28
00-0034383,Dalton Schultz,TE,2021,DAL,17,1.09,0.16,0.14,0.35,4.59,6.12,47.53,0.47,0.0,43.59,20.06,2.53,2.73,12.28,9.51
00-0034383,Dalton Schultz,TE,2022,DAL,15,0.9,0.16,0.14,0.35,3.8,5.93,38.47,0.33,0.07,42.67,13.6,1.8,-0.02,9.51,10.03
00-0034383,Dalton Schultz,TE,2023,HOU,15,0.95,0.16,0.13,0.32,3.93,5.87,42.33,0.33,0.07,44.6,17.27,2.33,1.63,10.03,6.95
00-0034383,Dalton Schultz,TE,2024,HOU,17,0.78,0.16,0.15,0.34,3.12,5.0,31.29,0.12,0.0,40.24,12.59,1.53,0.2,6.95,
00-0034439,Ryan Izzo,TE,2020,NE,10,0.97,0.05,0.07,0.12,1.3,2.0,19.9,0.0,0.1,20.5,6.8,0.6,-0.65,3.09,
00-0034613,Tanner Hudson,TE,2023,CIN,12,1.31,0.08,0.07,0.18,3.25,4.17,29.33,0.08,0.0,22.42,12.33,1.75,1.02,6.68,4.28
00-0034613,Tanner Hudson,TE,2024,CIN,9,1.57,0.04,0.02,0.07,2.11,2.56,17.11,0.11,0.11,10.89,10.78,1.0,0.6,4.28,
00-0034753,Mark Andrews,TE,2018,BAL,16,1.04,0.09,0.11,0.22,2.12,3.12,34.5,0.19,0.0,33.19,12.06,1.75,2.42,6.7,13.81
00-0034753,Mark Andrews,TE,2019,BAL,15,0.82,0.23,0.27,0.54,4.27,6.53,56.8,0.67,0.13,69.0,19.4,2.93,3.1,13.81,12.15
00-0034753,Mark Andrews,TE,2020,BAL,14,0.78,0.22,0.25,0.51,4.14,6.29,50.07,0.5,0.14,64.21,13.0,2.71,2.62,12.15,17.71
00-0034753,Mark Andrews,TE,2021,BAL,17,0.86,0.26,0.3,0.6,6.29,9.0,80.06,0.53,0.06,92.59,26.47,4.41,3.3,17.71,12.7
00-0034753,Mark Andrews,TE,2022,BAL,15,0.77,0.24,0.28,0.56,4.87,7.53,56.47,0.33,0.07,73.67,16.2,3.27,1.68,12.7,13.54
00-0034753,Mark Andrews,TE,2023,BAL,10,1.23,0.13,0.11,0.27,4.5,6.1,54.4,0.6,0.1,44.3,21.7,2.7,3.32,13.54,11.11
00-0034753,Mark Andrews,TE,2024,BAL,17,0.92,0.15,0.18,0.35,3.24,4.06,39.59,0.65,0.0,43.0,11.06,2.29,2.95,11.11,
00-0034766,Chris Herndon,TE,2018,NYJ,14,0.84,0.11,0.13,0.26,2.79,4.0,35.86,0.29,0.07,42.57,12.64,1.79,1.0,8.09,6.14
00-0034766,Chris Herndon,TE,2020,NYJ,12,0.93,0.1,0.07,0.2,2.58,3.75,23.92,0.25,0.17,25.67,10.67,1.42,0.06,6.14,
00-0034788,Jaeden Graham,TE,2019,ATL,10,1.73,0.02,0.02,0.03,0.9,1.0,14.9,0.1,0.0,8.6,7.3,0.7,1.15,2.99,0.69
00-0034788,Jaeden Graham,TE,2020,ATL,8,1.39,0.01,0.0,0.01,0.38,0.62,3.12,0.0,0.0,2.25,1.75,0.12,-0.01,0.69,
00-0034798,Durham Smythe,TE,2018,MIA,8,1.06,0.03,0.01,0.05,0.75,1.38,6.25,0.0,0.0,5.88,0.88,0.25,-0.92,1.38,1.12
00-0034798,Durham Smythe,TE,2019,MIA,12,0.47,0.02,0.03,0.05,0.58,1.17,5.42,0.0,0.0,11.5,0.83,0.17,-0.33,1.12,4.52
00-0034798,Durham Smythe,TE,2020,MIA,13,1.82,0.05,0.03,0.1,2.0,2.23,16.0,0.15,0.0,8.77,9.38,1.0,1.08,4.52,4.38
00-0034798,Durham Smythe,TE,2021,MIA,16,1.37,0.07,0.06,0.14,2.12,2.56,22.31,0.0,0.0,16.25,10.0,0.94,0.94,4.38,3.08
00-0034798,Durham Smythe,TE,2022,MIA,13,1.63,0.04,0.01,0.06,1.15,1.54,9.92,0.08,0.0,6.08,3.62,0.54,-0.06,3.08,5.51
00-0034798,Durham Smythe,TE,2023,MIA,13,1.29,0.08,0.07,0.16,2.69,3.31,28.15,0.0,0.0,21.85,10.69,1.69,1.69,5.51,1.02
00-0034798,Durham Smythe,TE,2024,MIA,14,0.56,0.03,0.03,0.06,0.64,1.21,3.79,0.0,0.0,6.71,1.14,0.07,-0.26,1.02,
00-0034829,Mike Gesicki,TE,2018,MIA,14,0.73,0.07,0.07,0.16,1.57,2.29,14.43,0.0,0.07,19.64,6.86,0.64,-0.56,2.87,9.07
00-0034829,Mike Gesicki,TE,2019,MIA,15,0.64,0.15,0.16,0.33,3.4,5.93,38.0,0.33,0.07,59.0,11.67,1.67,0.06,9.07,10.62
00-0034829,Mike Gesicki,TE,2020,MIA,15,0.75,0.16,0.22,0.39,3.53,5.67,46.87,0.4,0.0,62.67,11.13,2.4,1.36,10.62,9.71
00-0034829,Mike Gesicki,TE,2021,MIA,17,0.74,0.19,0.23,0.44,4.29,6.59,45.88,0.12,0.0,61.65,13.0,2.29,1.12,9.71,5.78
00-0034829,Mike Gesicki,TE,2022,MIA,17,0.74,0.09,0.09,0.2,1.88,3.06,21.29,0.29,0.0,28.82,5.71,1.12,0.12,5.78,4.36
00-0034829,Mike Gesicki,TE,2023,NE,15,0.64,0.08,0.09,0.19,1.93,3.0,16.27,0.13,0.0,25.53,5.87,0.73,-0.21,4.36,8.84
00-0034829,Mike Gesicki,TE,2024,CIN,16,1.08,0.13,0.13,0.29,4.06,5.19,41.56,0.12,0.06,38.44,15.31,2.38,2.11,8.84,
00-0034830,Hayden Hurst,TE,2018,BAL,9,0.99,0.04,0.03,0.09,1.44,2.56,18.11,0.11,0.0,18.33,8.22,0.89,0.43,3.92,4.81
00-0034830,Hayden Hurst,TE,2019,BAL,16,1.06,0.09,0.09,0.2,1.88,2.44,21.81,0.12,0.0,20.62,9.25,1.0,1.51,4.81,9.32
00-0034830,Hayden Hurst,TE,2020,ATL,16,0.96,0.15,0.11,0.29,3.5,5.5,35.69,0.38,0.0,37.12,15.31,2.19,0.92,9.32,5.34
00-0034830,Hayden Hurst,TE,2021,ATL,12,1.08,0.06,0.05,0.12,2.17,2.58,18.42,0.25,0.25,17.08,7.42,1.08,0.22,5.34,8.11
00-0034830,Hayden Hurst,TE,2022,CIN,13,1.22,0.11,0.08,0.23,4.0,5.23,31.85,0.15,0.0,26.15,14.31,1.92,1.59,8.11,4.71
00-0034830,Hayden Hurst,TE,2023,CAR,9,0.76,0.06,0.05,0.13,2.0,3.56,20.44,0.11,0.0,26.89,7.44,0.78,-0.42,4.71,
00-0034970,Irv Smith,TE,2019,MIN,14,1.17,0.11,0.07,0.21,2.57,3.36,22.21,0.14,0.07,18.93,9.71,1.29,0.83,5.65,7.58
00-0034970,Irv Smith,TE,2020,MIN,13,1.05,0.09,0.08,0.19,2.31,3.31,28.08,0.38,0.0,26.62,9.69,1.69,2.22,7.58,6.9
00-0034970,Irv Smith,TE,2022,MIN,8,1.11,0.06,0.03,0.11,3.12,4.5,22.75,0.25,0.12,20.5,11.38,1.12,-0.54,6.9,3.35
00-0034970,Irv Smith,TE,2023,CIN,10,1.1,0.04,0.03,0.08,1.8,2.6,11.5,0.1,0.1,10.5,6.6,0.5,-1.55,3.35,
00-0034981,Foster Moreau,TE,2019,LV,11,1.58,0.05,0.03,0.1,1.91,2.27,15.82,0.45,0.0,10.0,8.82,1.27,1.18,6.22,4.12
00-0034981,Foster Moreau,TE,2020,LV,8,1.28,0.02,0.02,0.04,0.88,1.12,17.5,0.25,0.0,13.62,6.38,0.62,1.27,4.12,5.69
00-0034981,Foster Moreau,TE,2021,LV,15,1.15,0.07,0.06,0.15,2.0,2.93,24.87,0.2,0.07,21.67,12.6,1.07,-0.06,5.69,6.23
00-0034981,Foster Moreau,TE,2022,LV,14,0.93,0.1,0.08,0.2,2.36,3.86,30.0,0.14,0.0,32.21,16.93,1.71,0.6,6.23,3.56
00-0034981,Foster Moreau,TE,2023,NO,13,1.58,0.04,0.02,0.08,1.62,1.92,14.85,0.08,0.0,9.38,7.38,0.69,0.65,3.56,6.46
00-0034981,Foster Moreau,TE,2024,NO,16,1.04,0.08,0.09,0.19,2.0,2.69,25.81,0.31,0.0,24.81,9.88,1.31,1.24,6.46,
00-0034988,Kaden Smith,TE,2020,NYG,15,2.73,0.04,0.01,0.07,1.2,1.4,7.47,0.0,0.0,2.73,5.93,0.53,0.41,1.95,
00-0035222,Zach Gentry,TE,2021,PIT,10,2.23,0.04,0.02,0.07,1.9,2.5,16.7,0.0,0.0,7.5,12.7,1.1,-0.24,3.57,2.3
00-0035222,Zach Gentry,TE,2022,PIT,14,2.06,0.04,0.01,0.07,1.36,1.64,9.43,0.0,0.0,4.57,7.29,0.43,-0.1,2.3,
00-0035229,T.J. Hockenson,TE,2019,DET,12,0.81,0.11,0.08,0.22,2.67,4.92,30.58,0.17,0.0,37.92,16.67,1.58,0.72,6.72,10.96
00-0035229,T.J. Hockenson,TE,2020,DET,16,1.02,0.18,0.14,0.37,4.19,6.31,45.19,0.38,0.0,44.38,20.56,2.5,0.62,10.96,12.11
00-0035229,T.J. Hockenson,TE,2021,DET,12,0.95,0.15,0.16,0.34,5.08,7.0,48.58,0.33,0.0,51.33,16.58,2.67,0.46,12.11,12.79
00-0035229,T.J. Hockenson,TE,2022,MIN,17,0.93,0.23,0.24,0.51,5.06,7.59,53.76,0.35,0.0,57.71,24.29,2.59,0.32,12.79,14.6
00-0035229,T.J. Hockenson,TE,2023,MIN,15,0.98,0.21,0.2,0.45,6.33,8.47,64.0,0.33,0.07,65.07,22.4,3.2,2.12,14.6,8.65
00-0035229,T.J. Hockenson,TE,2024,MIN,10,0.88,0.12,0.11,0.26,4.1,6.2,45.5,0.0,0.0,52.0,14.5,3.0,0.95,8.65,
00-0035249,Josh Oliver,TE,2021,BAL,11,0.52,0.03,0.02,0.05,0.82,1.36,6.0,0.0,0.09,11.45,2.27,0.36,-0.3,1.42,3.41
00-0035249,Josh Oliver,TE,2022,BAL,12,0.7,0.05,0.05,0.12,1.17,2.08,12.42,0.17,0.0,17.75,6.17,0.58,0.41,3.41,4.1
00-0035249,Josh Oliver,TE,2023,MIN,13,2.96,0.05,0.01,0.08,1.69,2.15,16.38,0.15,0.08,5.54,12.46,0.92,0.33,4.1,5.48
00-0035249,Josh Oliver,TE,2024,MIN,12,1.18,0.05,0.05,0.11,1.83,2.33,21.5,0.25,0.0,18.17,10.75,1.17,1.41,5.48,
00-0035259,Trevon Wesco,TE,2021,NYJ,8,11.67,0.01,0.0,0.01,0.38,0.62,4.38,0.0,0.0,0.38,3.62,0.25,-0.17,0.81,
00-0035329,Donald Parham,TE,2020,LAC,11,0.91,0.03,0.04,0.08,0.91,1.82,14.45,0.27,0.0,15.91,5.09,0.73,0.23,3.99,4.54
00-0035329,Donald Parham,TE,2021,LAC,13,1.57,0.04,0.02,0.08,1.54,2.08,14.62,0.23,0.0,9.31,10.62,1.0,0.55,4.54,5.68
00-0035329,Donald Parham,TE,2023,LAC,14,0.93,0.07,0.06,0.15,1.93,2.93,20.36,0.29,0.0,21.86,9.0,1.57,1.31,5.68,
00-0035345,Chris Myarick,TE,2022,NYG,10,2.83,0.02,0.01,0.03,0.7,0.8,6.5,0.1,0.0,2.3,3.8,0.5,0.72,1.95,
00-0035547,Joseph Fortson,TE,2022,KC,10,1.23,0.02,0.02,0.04,0.9,1.3,10.8,0.2,0.0,8.8,4.0,0.6,0.82,3.18,
00-0035572,Parker Hesse,TE,2022,ATL,12,1.37,0.03,0.02,0.05,0.75,0.92,7.42,0.0,0.0,5.42,3.0,0.5,0.71,1.49,
00-0035624,N'Keal Harry,TE,2020,NE,13,0.68,0.14,0.15,0.31,2.54,4.38,23.77,0.15,0.08,35.15,8.08,1.23,-0.44,5.68,3.04
00-0035624,N'Keal Harry,TE,2021,NE,10,0.56,0.04,0.08,0.12,1.2,2.2,18.4,0.0,0.0,32.7,2.5,0.7,0.77,3.04,
00-0035631,Drew Sample,TE,2020,CIN,16,1.57,0.09,0.05,0.17,2.5,3.31,21.81,0.06,0.06,13.88,12.38,1.0,0.15,4.93,1.91
00-0035631,Drew Sample,TE,2021,CIN,10,2.31,0.03,0.01,0.05,1.1,1.5,8.1,0.0,0.0,3.5,8.2,0.3,0.03,1.91,3.59
00-0035631,Drew Sample,TE,2023,CIN,14,5.62,0.05,0.01,0.07,1.57,1.93,11.64,0.14,0.0,2.07,12.36,0.64,0.04,3.59,3.32
00-0035631,Drew Sample,TE,2024,CIN,11,3.21,0.04,0.01,0.06,1.82,2.0,9.91,0.09,0.09,3.09,7.36,0.82,0.43,3.32,
00-0035644,Noah Fant,TE,2019,DEN,16,1.12,0.14,0.14,0.31,2.5,4.12,35.12,0.19,0.06,31.44,20.62,1.44,-0.02,6.94,10.66
00-0035644,Noah Fant,TE,2020,DEN,14,1.08,0.17,0.12,0.35,4.43,6.64,48.07,0.21,0.0,44.71,26.93,2.43,0.83,10.66,9.94
00-0035644,Noah Fant,TE,2021,DEN,16,1.24,0.17,0.12,0.34,4.25,5.62,41.88,0.25,0.0,33.75,19.94,1.81,0.95,9.94,7.21
00-0035644,Noah Fant,TE,2022,SEA,17,1.2,0.11,0.09,0.24,2.94,3.71,28.59,0.24,0.0,23.88,13.0,1.41,1.12,7.21,4.89
00-0035644,Noah Fant,TE,2023,SEA,15,1.39,0.08,0.07,0.17,2.13,2.87,27.6,0.0,0.0,19.87,11.8,1.07,0.78,4.89,7.43
00-0035644,Noah Fant,TE,2024,SEA,14,1.47,0.11,0.08,0.23,3.43,4.57,35.71,0.07,0.0,24.21,19.79,1.79,0.47,7.43,
00-0035671,Jace Sternberger,TE,2020,GB,8,1.11,0.03,0.02,0.06,1.5,1.88,14.25,0.12,0.0,12.88,8.25,0.75,0.42,3.68,
00-0035689,Dawson Knox,TE,2019,BUF,15,0.85,0.1,0.1,0.22,1.87,3.33,25.87,0.13,0.0,30.33,9.6,1.0,0.52,5.31,6.07
00-0035689,Dawson Knox,TE,2020,BUF,11,0.8,0.08,0.07,0.16,2.18,4.0,26.18,0.27,0.18,32.73,14.55,1.27,-0.02,6.07,10.94
00-0035689,Dawson Knox,TE,2021,BUF,15,1.12,0.11,0.1,0.24,3.27,4.73,39.13,0.6,0.0,34.93,18.47,2.07,2.21,10.94,9.05
00-0035689,Dawson Knox,TE,2022,BUF,15,1.02,0.12,0.1,0.24,3.2,4.33,34.47,0.4,0.0,33.8,12.87,1.67,1.36,9.05,5.46
00-0035689,Dawson Knox,TE,2023,BUF,10,0.74,0.07,0.05,0.13,2.2,3.6,18.6,0.2,0.0,25.3,9.6,1.3,-1.13,5.46,4.22
00-0035689,Dawson Knox,TE,2024,BUF,14,0.98,0.07,0.07,0.15,1.57,2.36,22.21,0.07,0.0,22.57,6.71,0.86,0.72,4.22,
00-0035771,Mitchell Wilcox,TE,2022,CIN,9,1.72,0.03,0.02,0.06,1.89,2.0,15.44,0.11,0.0,9.0,8.22,0.67,1.03,4.1,1.22
00-0035771,Mitchell Wilcox,TE,2023,CIN,12,4.67,0.02,0.0,0.03,0.75,1.0,4.67,0.0,0.0,1.0,4.0,0.17,0.02,1.22,
00-0035956,Giovanni Ricci,TE,2021,CAR,8,0.0,0.0,0.01,0.01,0.0,0.25,0.0,0.0,0.0,2.88,0.0,0.0,-0.12,0.0,1.64
00-0035956,Giovanni Ricci,TE,2022,CAR,11,1.82,0.02,0.02,0.04,0.73,0.82,9.09,0.0,0.0,5.0,4.73,0.27,0.34,1.64,
00-0036032,Sean McKeon,TE,2023,DAL,8,0.0,0.0,0.0,0.01,0.0,0.25,0.0,0.0,0.0,1.62,0.0,0.0,-0.81,0.0,
00-0036040,Juwan Johnson,TE,2021,NO,13,0.66,0.05,0.06,0.11,1.0,1.69,12.23,0.31,0.0,18.46,3.23,0.92,1.12,4.07,8.43
00-0036040,Juwan Johnson,TE,2022,NO,16,0.85,0.13,0.13,0.29,2.62,4.06,31.75,0.44,0.0,37.5,10.38,1.56,0.99,8.43,7.52
00-0036040,Juwan Johnson,TE,2023,NO,13,0.83,0.1,0.09,0.21,2.85,4.54,28.31,0.31,0.0,34.15,11.15,1.77,-0.35,7.52,8.19
00-0036040,Juwan Johnson,TE,2024,NO,15,1.0,0.13,0.12,0.28,3.33,4.4,36.53,0.2,0.13,36.47,14.13,1.8,1.12,8.19,
00-0036232,Harrison Bryant,TE,2020,CLE,12,0.81,0.08,0.07,0.17,2.0,3.17,19.83,0.25,0.17,24.5,9.75,1.17,-0.85,5.15,4.15
00-0036232,Harrison Bryant,TE,2021,CLE,15,0.9,0.06,0.06,0.13,1.4,1.87,15.53,0.2,0.0,17.2,5.27,0.93,0.75,4.15,4.41
00-0036232,Harrison Bryant,TE,2022,CLE,14,1.0,0.08,0.05,0.16,2.21,3.0,17.07,0.07,0.0,17.0,8.07,0.86,0.21,4.41,2.71
00-0036232,Harrison Bryant,TE,2023,CLE,14,1.0,0.03,0.02,0.06,0.93,1.43,5.79,0.21,0.0,5.79,2.5,0.29,-0.3,2.71,
00-0036244,Colby Parkinson,TE,2022,SEA,14,1.16,0.06,0.06,0.14,1.79,2.43,23.0,0.14,0.0,19.86,10.71,1.0,0.73,4.94,4.11
00-0036244,Colby Parkinson,TE,2023,SEA,15,1.13,0.06,0.05,0.13,1.67,2.27,16.47,0.13,0.0,14.53,5.73,0.73,0.56,4.11,4.09
00-0036244,Colby Parkinson,TE,2024,LA,16,1.12,0.09,0.06,0.18,1.88,3.06,18.38,0.06,0.0,16.44,10.0,0.94,0.2,4.09,
00-0036250,Tyler Davis,TE,2021,GB,8,0.92,0.01,0.01,0.02,0.5,0.62,4.38,0.0,0.0,4.75,1.62,0.12,0.0,0.94,0.6
00-0036250,Tyler Davis,TE,2022,GB,11,0.96,0.01,0.01,0.02,0.36,0.64,2.36,0.0,0.0,2.45,2.45,0.09,-0.59,0.6,
00-0036290,Cole Kmet,TE,2020,CHI,15,0.84,0.07,0.06,0.15,1.87,2.93,16.2,0.13,0.07,19.2,9.07,0.8,-0.05,4.13,7.13
00-0036290,Cole Kmet,TE,2021,CHI,17,0.85,0.18,0.16,0.38,3.53,5.47,36.0,0.0,0.0,42.41,14.47,1.71,-0.35,7.13,8.66
00-0036290,Cole Kmet,TE,2022,CHI,17,1.17,0.19,0.14,0.38,2.94,4.06,32.0,0.41,0.06,27.24,16.82,1.59,0.66,8.66,11.32
00-0036290,Cole Kmet,TE,2023,CHI,16,1.29,0.19,0.15,0.39,4.56,5.62,44.94,0.38,0.06,34.81,18.12,2.25,2.03,11.32,7.52
00-0036290,Cole Kmet,TE,2024,CHI,16,1.21,0.1,0.09,0.22,2.94,3.44,29.62,0.25,0.0,24.56,11.31,1.56,1.63,7.52,
00-0036332,Josiah Deguara,TE,2021,GB,14,2.15,0.06,0.02,0.1,1.79,2.36,17.5,0.14,0.0,8.14,14.57,0.64,0.06,4.39,2.71
00-0036332,Josiah Deguara,TE,2022,GB,9,2.33,0.03,0.01,0.05,1.44,1.67,12.67,0.0,0.0,5.44,7.0,0.44,0.39,2.71,1.61
00-0036332,Josiah Deguara,TE,2023,GB,9,2.5,0.01,0.01,0.03,0.89,0.89,7.22,0.0,0.0,2.89,4.33,0.33,0.13,1.61,
00-0036422,Adam Trautman,TE,2020,NO,10,2.67,0.03,0.02,0.06,1.5,1.6,17.1,0.1,0.0,6.4,11.7,0.9,1.48,3.81,5.75
00-0036422,Adam Trautman,TE,2021,NO,11,1.07,0.09,0.07,0.18,2.45,3.91,23.91,0.18,0.09,22.27,10.09,1.18,-0.75,5.75,3.72
00-0036422,Adam Trautman,TE,2022,NO,12,1.75,0.04,0.03,0.09,1.5,1.83,17.25,0.08,0.0,9.83,10.25,0.75,0.71,3.72,3.78
00-0036422,Adam Trautman,TE,2023,DEN,16,0.9,0.07,0.06,0.15,1.38,2.19,12.75,0.19,0.0,14.12,6.12,0.62,-0.07,3.78,3.37
00-0036422,Adam Trautman,TE,2024,DEN,13,1.5,0.04,0.03,0.08,1.0,1.69,14.46,0.15,0.0,9.62,7.54,0.62,0.45,3.37,
00-0036423,Albert Okwuegbunam,TE,2021,DEN,14,1.46,0.08,0.05,0.15,2.36,2.86,23.57,0.14,0.07,16.14,17.5,1.07,0.97,5.43,
00-0036429,Charlie Woerner,TE,2021,SF,8,1.0,0.01,0.01,0.03,0.62,0.75,6.5,0.0,0.0,6.5,1.12,0.38,0.34,1.27,0.62
00-0036429,Charlie Woerner,TE,2023,SF,10,2.67,0.01,0.0,0.01,0.3,0.3,3.2,0.0,0.0,1.2,2.0,0.1,0.16,0.62,0.97
00-0036429,Charlie Woerner,TE,2024,ATL,12,1.31,0.02,0.01,0.04,0.58,1.0,3.83,0.0,0.0,2.92,1.75,0.25,-0.48,0.97,
00-0036438,Stephen Sullivan,TE,2022,CAR,8,0.53,0.01,0.03,0.04,0.25,0.75,5.75,0.0,0.0,10.88,2.62,0.25,-0.31,0.82,2.45
00-0036438,Stephen Sullivan,TE,2023,CAR,10,0.49,0.04,0.06,0.11,1.2,2.4,12.5,0.0,0.0,25.5,0.8,0.5,-0.16,2.45,
00-0036534,Shane Zylstra,TE,2022,DET,8,0.77,0.03,0.02,0.05,1.38,1.88,7.5,0.5,0.0,9.75,1.62,0.75,0.43,5.12,
00-0036556,Brevin Jordan,TE,2021,HOU,8,1.12,0.05,0.04,0.11,2.5,3.5,22.25,0.38,0.0,19.88,12.38,1.25,0.72,6.98,2.98
00-0036556,Brevin Jordan,TE,2022,HOU,9,0.62,0.05,0.05,0.11,1.56,3.11,14.22,0.0,0.0,22.78,8.67,0.78,-1.52,2.98,5.09
00-0036556,Brevin Jordan,TE,2023,HOU,10,1.9,0.04,0.02,0.07,1.7,2.1,21.9,0.2,0.0,11.5,12.4,1.3,1.75,5.09,
00-0036590,Quintin Morris,TE,2022,BUF,9,1.09,0.02,0.01,0.04,0.89,1.22,9.33,0.11,0.11,8.56,4.22,0.67,-0.02,2.27,1.46
00-0036590,Quintin Morris,TE,2024,BUF,10,0.49,0.02,0.02,0.04,0.5,0.8,3.6,0.1,0.0,7.4,2.2,0.3,0.13,1.46,
00-0036628,John Bates,TE,2021,WAS,12,1.67,0.05,0.04,0.1,1.67,2.08,20.75,0.08,0.08,12.42,11.58,0.92,1.31,4.24,3.42
00-0036628,John Bates,TE,2022,WAS,9,0.95,0.04,0.03,0.08,1.56,2.44,12.0,0.11,0.11,12.67,6.0,0.44,-0.32,3.42,2.27
00-0036628,John Bates,TE,2023,WAS,15,0.86,0.05,0.04,0.1,1.27,1.87,10.07,0.0,0.0,11.67,4.33,0.4,-0.37,2.27,1.11
00-0036628,John Bates,TE,2024,WAS,13,1.33,0.03,0.02,0.05,0.62,1.0,6.46,0.0,0.08,4.85,3.77,0.23,-0.05,1.11,
00-0036637,Noah Gray,TE,2022,KC,17,1.76,0.06,0.04,0.11,1.65,2.0,17.59,0.06,0.0,10.0,10.71,0.82,0.76,4.12,4.41
00-0036637,Noah Gray,TE,2023,KC,16,1.13,0.07,0.07,0.15,1.75,2.56,19.06,0.12,0.0,16.88,8.75,0.94,0.32,4.41,7.08
00-0036637,Noah Gray,TE,2024,KC,16,1.41,0.09,0.08,0.19,2.5,3.06,27.31,0.31,0.0,19.31,13.12,1.56,1.45,7.08,
00-0036741,Jack Stoll,TE,2022,PHI,9,1.37,0.03,0.02,0.06,1.22,1.56,13.67,0.0,0.0,10.0,5.44,0.56,0.88,2.59,
00-0036754,Brock Wright,TE,2021,DET,8,1.67,0.03,0.02,0.06,1.5,2.12,14.62,0.25,0.0,8.75,8.0,0.75,-0.1,4.46,4.54
00-0036754,Brock Wright,TE,2022,DET,14,3.0,0.04,0.02,0.08,1.29,1.71,15.43,0.29,0.0,5.14,11.79,0.93,1.2,4.54,3.12
00-0036754,Brock Wright,TE,2023,DET,9,2.28,0.02,0.01,0.04,1.44,1.56,10.11,0.11,0.0,4.44,5.44,0.22,0.56,3.12,3.18
00-0036754,Brock Wright,TE,2024,DET,11,1.23,0.03,0.02,0.06,1.18,1.45,9.09,0.18,0.0,7.36,6.82,0.64,0.28,3.18,
00-0036825,Feleipe Franks,TE,2024,CAR,9,0.24,0.01,0.01,0.02,0.11,0.33,1.33,0.0,0.0,5.44,0.0,0.11,-0.32,0.24,
00-0036876,Kylen Granson,TE,2021,IND,10,1.8,0.03,0.01,0.06,1.1,1.5,10.6,0.0,0.0,5.9,7.6,0.4,0.43,2.16,4.71
00-0036876,Kylen Granson,TE,2022,IND,13,1.17,0.07,0.07,0.15,2.38,3.08,23.23,0.0,0.08,19.92,9.77,1.31,-0.06,4.71,4.87
00-0036876,Kylen Granson,TE,2023,IND,15,0.92,0.09,0.09,0.2,2.0,3.33,24.53,0.07,0.0,26.8,8.53,1.27,0.76,4.87,2.01
00-0036876,Kylen Granson,TE,2024,IND,16,0.52,0.06,0.06,0.14,0.88,1.94,11.38,0.0,0.0,22.0,6.81,0.5,-0.53,2.01,
00-0036887,Luke Farrell,TE,2021,JAX,8,0.77,0.02,0.02,0.04,0.88,1.38,7.0,0.0,0.12,9.12,3.5,0.38,-0.45,1.58,2.85
00-0036887,Luke Farrell,TE,2023,JAX,10,2.18,0.02,0.01,0.05,1.3,1.5,15.5,0.0,0.0,7.1,9.6,0.5,0.8,2.85,1.56
00-0036887,Luke Farrell,TE,2024,JAX,12,0.82,0.03,0.02,0.06,1.0,1.42,5.58,0.0,0.0,6.83,2.5,0.33,-0.39,1.56,
00-0036894,Pat Freiermuth,TE,2021,PIT,16,1.15,0.12,0.1,0.25,3.75,4.94,31.06,0.44,0.06,27.0,15.44,2.12,1.61,9.48,9.88
00-0036894,Pat Freiermuth,TE,2022,PIT,15,0.89,0.18,0.17,0.39,4.2,6.53,48.8,0.13,0.0,54.73,18.73,2.47,0.59,9.88,6.98
00-0036894,Pat Freiermuth,TE,2023,PIT,11,0.99,0.1,0.08,0.2,2.91,4.27,28.0,0.18,0.0,28.27,13.18,1.55,0.87,6.98,10.02
00-0036894,Pat Freiermuth,TE,2024,PIT,17,1.37,0.17,0.12,0.34,3.82,4.59,38.41,0.41,0.12,28.06,16.41,1.88,2.11,10.02,
00-0036970,Kyle Pitts,TE,2021,ATL,17,0.86,0.2,0.29,0.5,4.0,6.47,60.35,0.06,0.0,70.18,18.41,2.53,1.55,10.39,7.56
00-0036970,Kyle Pitts,TE,2022,ATL,10,0.44,0.15,0.2,0.36,2.8,5.9,35.6,0.2,0.0,81.2,13.0,2.0,0.34,7.56,8.08
00-0036970,Kyle Pitts,TE,2023,ATL,17,0.65,0.18,0.24,0.43,3.12,5.29,39.24,0.18,0.0,60.53,7.88,2.06,1.02,8.08,7.72
00-0036970,Kyle Pitts,TE,2024,ATL,17,0.97,0.14,0.14,0.3,2.76,4.35,35.41,0.24,0.0,36.65,16.0,1.24,0.41,7.72,
00-0037004,Hunter Long,TE,2024,LA,11,1.94,0.02,0.01,0.03,0.64,0.82,5.45,0.0,0.0,2.82,2.73,0.18,0.21,1.73,
00-0037005,Tommy Tremble,TE,2021,CAR,15,0.63,0.06,0.06,0.14,1.33,2.33,12.0,0.07,0.0,19.13,4.67,0.67,0.42,3.54,3.63
00-0037005,Tommy Tremble,TE,2022,CAR,15,0.71,0.07,0.07,0.16,1.27,2.13,11.6,0.2,0.0,16.33,4.13,0.6,-0.11,3.63,4.03
00-0037005,Tommy Tremble,TE,2023,CAR,15,0.95,0.06,0.05,0.12,1.53,2.13,12.93,0.2,0.0,13.6,6.33,0.67,0.14,4.03,5.64
00-0037005,Tommy Tremble,TE,2024,CAR,10,1.29,0.06,0.04,0.12,2.3,3.2,23.4,0.2,0.1,18.2,12.5,1.2,0.5,5.64,
00-0037011,Tre' McKitty,TE,2022,LAC,13,1.26,0.03,0.01,0.05,0.77,1.38,5.54,0.0,0.08,4.38,4.0,0.08,-0.43,1.32,
00-0037078,Cole Turner,TE,2023,WAS,8,1.18,0.02,0.02,0.05,1.38,1.88,15.0,0.0,0.0,12.75,6.25,0.5,-0.0,2.88,
00-0037086,Grant Calcaterra,TE,2024,PHI,15,1.35,0.07,0.06,0.15,1.6,2.0,19.87,0.07,0.0,14.67,8.4,1.0,1.06,3.99,
00-0037168,Armani Rogers,TE,2022,WAS,9,4.92,0.01,0.0,0.02,0.56,0.67,7.11,0.0,0.0,1.44,6.33,0.44,0.4,1.56,
00-0037252,Greg Dulcich,TE,2022,DEN,10,0.66,0.1,0.12,0.24,3.3,5.5,41.1,0.2,0.0,62.4,15.5,1.8,0.05,8.61,
00-0037282,James Mitchell,TE,2022,DET,8,2.22,0.02,0.01,0.04,1.38,1.38,14.12,0.12,0.0,6.38,7.75,0.88,1.25,3.54,
00-0037292,Andrew Ogletree,TE,2023,IND,11,0.7,0.04,0.05,0.09,0.82,1.91,13.36,0.18,0.0,19.0,2.73,0.73,0.83,3.25,2.16
00-0037292,Andrew Ogletree,TE,2024,IND,12,0.73,0.03,0.03,0.06,0.75,1.17,9.08,0.08,0.0,12.5,4.17,0.5,0.11,2.16,
00-0037304,Connor Heyward,TE,2022,PIT,15,1.64,0.03,0.02,0.06,0.8,1.13,10.07,0.07,0.0,6.13,4.13,0.4,0.27,2.39,2.84
00-0037304,Connor Heyward,TE,2023,PIT,14,0.95,0.07,0.05,0.14,1.64,2.43,11.93,0.0,0.0,12.5,6.71,0.57,-0.3,2.84,1.33
00-0037304,Connor Heyward,TE,2024,PIT,12,0.6,0.02,0.02,0.04,0.5,0.67,3.33,0.08,0.0,5.58,0.58,0.25,-0.07,1.33,
00-0037311,Ko Kieft,TE,2022,TB,13,1.4,0.01,0.01,0.03,0.54,0.77,6.15,0.08,0.0,4.38,2.38,0.38,0.36,1.62,0.72
00-0037311,Ko Kieft,TE,2023,TB,10,0.03,0.01,0.01,0.02,0.1,0.5,0.2,0.1,0.0,6.1,0.2,0.1,-0.13,0.72,
00-0037475,Stone Smartt,TE,2023,LAC,12,0.86,0.03,0.04,0.08,0.92,1.75,12.92,0.08,0.0,15.0,4.67,0.5,0.28,2.71,3.87
00-0037475,Stone Smartt,TE,2024,LAC,9,1.08,0.04,0.04,0.09,1.78,2.11,23.11,0.0,0.11,21.33,7.33,1.22,0.83,3.87,
00-0037539,Lucas Krull,TE,2024,DEN,10,1.29,0.04,0.03,0.08,1.9,2.3,15.2,0.0,0.0,11.8,6.7,0.7,0.45,3.42,
00-0037569,Peyton Hendershot,TE,2022,DAL,12,0.94,0.03,0.02,0.06,0.92,1.33,8.58,0.17,0.0,9.08,3.92,0.67,-0.27,3.29,0.98
00-0037569,Peyton Hendershot,TE,2023,DAL,8,1.41,0.01,0.01,0.02,0.5,0.88,4.75,0.0,0.0,3.38,3.5,0.12,-0.18,0.98,
00-0037744,Trey McBride,TE,2022,ARI,12,1.1,0.06,0.05,0.13,2.42,3.25,22.08,0.08,0.08,20.08,9.75,1.0,0.64,5.12,10.68
00-0037744,Trey McBride,TE,2023,ARI,17,1.27,0.2,0.16,0.4,4.76,6.24,48.53,0.18,0.06,38.35,24.71,2.53,0.58,10.68,15.24
00-0037744,Trey McBride,TE,2024,ARI,16,1.27,0.28,0.24,0.59,6.94,9.19,71.62,0.12,0.0,56.38,32.06,3.94,3.07,15.24,
00-0037755,Jelani Woods,TE,2022,IND,12,0.78,0.07,0.1,0.18,2.08,3.33,26.0,0.25,0.08,33.17,10.0,1.33,0.44,6.18,
00-0037805,Jeremy Ruckert,TE,2023,NYJ,10,1.09,0.04,0.03,0.08,1.6,2.2,15.1,0.0,0.0,13.9,5.1,0.6,0.45,3.11,2.04
00-0037805,Jeremy Ruckert,TE,2024,NYJ,14,1.09,0.05,0.02,0.09,1.29,2.0,7.5,0.0,0.0,6.86,6.0,0.43,-0.11,2.04,
00-0037809,Chig Okonkwo,TE,2022,TEN,16,1.27,0.11,0.1,0.23,2.0,2.88,28.12,0.19,0.0,22.06,15.75,1.38,1.49,6.08,6.67
00-0037809,Chig Okonkwo,TE,2023,TEN,17,1.01,0.16,0.11,0.32,3.18,4.53,31.06,0.06,0.0,30.88,15.29,1.47,0.46,6.67,7.1
00-0037809,Chig Okonkwo,TE,2024,TEN,16,1.15,0.14,0.1,0.28,3.25,4.38,29.94,0.12,0.06,25.94,15.56,1.19,-0.46,7.1,
00-0037838,Isaiah Likely,TE,2022,BAL,14,0.92,0.13,0.1,0.26,2.57,4.29,26.64,0.21,0.0,28.93,10.79,1.29,-0.38,6.52,7.22
00-0037838,Isaiah Likely,TE,2023,BAL,14,1.65,0.08,0.06,0.17,2.14,2.86,29.36,0.36,0.0,17.79,15.43,1.07,2.3,7.22,8.25
00-0037838,Isaiah Likely,TE,2024,BAL,15,1.02,0.13,0.11,0.27,2.8,3.87,31.8,0.4,0.07,31.13,17.07,1.73,1.85,8.25,
00-0038041,Jake Ferguson,TE,2022,DAL,11,2.26,0.04,0.02,0.07,1.73,2.0,15.82,0.18,0.0,7.0,11.27,0.73,0.72,4.4,10.42
00-0038041,Jake Ferguson,TE,2023,DAL,17,1.48,0.17,0.11,0.33,4.18,6.0,44.76,0.29,0.0,30.24,25.0,2.35,1.93,10.42,7.46
00-0038041,Jake Ferguson,TE,2024,DAL,14,1.37,0.14,0.08,0.26,4.21,6.14,35.29,0.0,0.29,25.71,22.07,1.36,-0.91,7.46,
00-0038046,Charlie Kolar,TE,2023,BAL,9,0.99,0.02,0.02,0.04,0.78,1.0,9.67,0.11,0.0,9.78,1.89,0.56,0.85,2.41,2.83
00-0038046,Charlie Kolar,TE,2024,BAL,10,1.98,0.02,0.02,0.05,0.9,1.1,13.1,0.1,0.0,6.6,7.6,0.4,0.82,2.83,
00-0038115,Daniel Bellinger,TE,2022,NYG,11,1.91,0.07,0.04,0.14,2.73,3.18,24.36,0.18,0.09,12.73,13.09,1.27,0.98,6.82,3.61
00-0038115,Daniel Bellinger,TE,2023,NYG,14,1.96,0.06,0.03,0.11,1.79,2.0,18.21,0.0,0.0,9.29,9.57,0.43,0.61,3.61,2.21
00-0038115,Daniel Bellinger,TE,2024,NYG,12,1.81,0.03,0.02,0.06,1.17,1.42,10.42,0.0,0.0,5.75,4.42,0.67,0.45,2.21,
00-0038129,Cade Otton,TE,2022,TB,16,1.02,0.09,0.07,0.19,2.62,4.06,24.44,0.12,0.0,24.0,10.88,1.19,0.31,5.82,6.97
00-0038129,Cade Otton,TE,2023,TB,17,1.01,0.12,0.09,0.25,2.76,3.94,26.76,0.24,0.0,26.59,13.12,1.29,0.74,6.97,10.04
00-0038129,Cade Otton,TE,2024,TB,14,1.27,0.15,0.12,0.31,4.21,6.21,42.86,0.29,0.14,33.64,22.21,2.21,0.9,10.04,
00-0038394,Will Mallory,TE,2023,IND,11,1.02,0.05,0.05,0.1,1.64,2.36,18.82,0.0,0.09,18.45,8.09,1.0,1.06,3.52,
00-0038547,Luke Schoonmaker,TE,2023,DAL,12,0.8,0.02,0.02,0.05,0.67,1.25,5.42,0.17,0.0,6.75,2.25,0.42,-0.37,2.21,4.76
00-0038547,Luke Schoonmaker,TE,2024,DAL,12,1.21,0.06,0.04,0.12,2.25,3.0,20.08,0.08,0.0,16.58,8.08,0.92,0.78,4.76,
00-0038558,Darnell Washington,TE,2023,PIT,8,5.55,0.02,0.0,0.03,0.88,1.25,7.62,0.0,0.0,1.38,6.25,0.5,0.15,1.64,3.46
00-0038558,Darnell Washington,TE,2024,PIT,13,1.85,0.05,0.03,0.1,1.46,1.92,15.38,0.08,0.0,8.31,9.69,0.69,0.66,3.46,
00-0038589,Josh Whyle,TE,2023,TEN,9,0.64,0.03,0.03,0.07,1.0,1.67,10.44,0.11,0.0,16.22,4.44,0.89,0.42,2.71,4.05
00-0038589,Josh Whyle,TE,2024,TEN,15,1.19,0.07,0.05,0.14,1.87,2.47,16.53,0.07,0.0,13.93,9.53,0.93,0.6,4.05,
00-0038720,Julian Hill,TE,2023,MIA,10,1.66,0.02,0.01,0.03,0.6,0.9,4.8,0.0,0.1,2.9,3.0,0.2,-0.44,0.88,1.57
00-0038720,Julian Hill,TE,2024,MIA,14,0.83,0.03,0.03,0.07,0.86,1.36,7.14,0.0,0.07,8.57,4.14,0.36,0.24,1.57,
00-0038783,Nate Adkins,TE,2024,DEN,15,1.85,0.03,0.02,0.05,0.93,1.0,7.67,0.2,0.0,4.13,5.07,0.4,0.61,2.9,
00-0038933,Dalton Kincaid,TE,2023,BUF,16,1.25,0.17,0.11,0.33,4.56,5.69,42.06,0.12,0.06,33.62,19.69,1.81,0.79,9.39,7.75
00-0038933,Dalton Kincaid,TE,2024,BUF,13,0.78,0.15,0.13,0.32,3.38,5.77,34.46,0.15,0.08,44.08,21.08,1.77,1.14,7.75,
00-0038935,Brenton Strange,TE,2024,JAX,14,1.21,0.1,0.07,0.2,2.86,3.79,29.36,0.14,0.07,24.36,13.07,1.5,1.35,6.51,
00-0038996,Tucker Kraft,TE,2023,GB,14,2.28,0.07,0.03,0.13,2.21,2.86,25.36,0.14,0.0,11.14,16.57,1.29,1.27,5.61,9.61
00-0038996,Tucker Kraft,TE,2024,GB,17,1.89,0.15,0.09,0.29,2.94,4.12,41.59,0.41,0.06,22.0,26.82,1.76,2.19,9.61,
00-0039041,Elijah Higgins,TE,2023,ARI,11,1.27,0.04,0.03,0.07,1.27,1.73,14.82,0.09,0.0,11.64,6.09,0.82,0.93,3.3,3.28
00-0039041,Elijah Higgins,TE,2024,ARI,15,1.59,0.05,0.03,0.09,1.33,1.6,11.47,0.13,0.0,7.2,6.0,0.67,0.64,3.28,
00-0039050,Payne Durham,TE,2024,TB,8,0.93,0.02,0.03,0.06,1.38,1.75,14.38,0.25,0.12,15.5,3.0,0.62,1.3,4.31,
00-0039065,Sam LaPorta,TE,2023,DET,17,1.04,0.21,0.21,0.46,5.06,7.06,52.29,0.59,0.0,50.06,21.06,2.82,2.38,14.08,10.91
00-0039065,Sam LaPorta,TE,2024,DET,16,1.25,0.16,0.17,0.35,3.75,5.19,45.38,0.44,0.0,36.25,21.44,2.44,1.96,10.91,
00-0039066,Michael Mayer,TE,2023,LV,13,1.34,0.08,0.05,0.15,2.08,3.08,23.38,0.15,0.0,17.46,12.62,1.46,1.37,5.49,3.33
00-0039066,Michael Mayer,TE,2024,LV,11,0.79,0.05,0.04,0.11,1.91,2.91,14.18,0.0,0.0,17.91,5.55,0.73,-0.0,3.33,
00-0039144,Luke Musgrave,TE,2023,GB,11,1.02,0.08,0.07,0.17,3.09,4.18,32.0,0.09,0.0,31.27,15.36,1.27,1.09,6.84,
00-0039338,Brock Bowers,TE,2024,LV,17,1.29,0.26,0.21,0.53,6.59,9.0,70.24,0.29,0.0,54.29,35.06,3.59,1.59,15.45,
00-0039356,Ja'Tavion Sanders,TE,2024,CAR,15,1.28,0.08,0.06,0.17,2.2,2.87,22.8,0.07,0.07,17.87,12.67,0.93,0.78,4.88,
00-0039359,Cade Stover,TE,2024,HOU,14,1.13,0.04,0.03,0.08,1.07,1.57,9.5,0.07,0.0,8.43,6.71,0.36,0.33,2.45,
00-0039530,Brevyn Spann-Ford,TE,2024,DAL,11,1.07,0.02,0.02,0.05,0.82,1.27,8.0,0.0,0.0,7.45,4.82,0.55,0.12,1.62,
00-0039737,Tip Reiman,TE,2024,ARI,8,3.08,0.01,0.0,0.02,0.75,0.88,4.62,0.0,0.0,1.5,3.62,0.12,0.05,1.21,
00-0039793,AJ Barner,TE,2024,SEA,15,1.8,0.07,0.03,0.12,2.0,2.53,16.33,0.27,0.0,9.07,10.93,1.2,0.74,5.23,
00-0039814,Erick All,TE,2024,CIN,8,2.19,0.04,0.02,0.06,2.5,2.75,19.75,0.0,0.0,9.0,10.88,1.0,0.66,4.47,
00-0039847,Theo Johnson,TE,2024,NYG,11,1.15,0.08,0.07,0.17,2.64,3.91,30.09,0.09,0.0,26.18,13.55,1.45,0.41,6.19,
